record_type,id,name,start_date,end_date,duration,status,project_id,is_critical,dependency_type,resource_type,role,skill_level,quantity,task_id,resource_id
PROJECT,1,Mobile App 1,2022-04-09,2024-03-23,,,,,,,,,,,
PROJECT,2,Payment Gateway 2,2023-09-23,2023-12-17,,,,,,,,,,,
PROJECT,3,Cloud Migration 3,2023-07-04,2024-06-09,,,,,,,,,,,
PROJECT,4,Data Analytics 4,2022-01-15,2022-10-30,,,,,,,,,,,
PROJECT,5,IoT Dashboard 5,2023-08-11,2024-01-22,,,,,,,,,,,
PROJECT,6,Mobile App 6,2023-01-20,2024-09-29,,,,,,,,,,,
PROJECT,7,API Gateway 7,2023-12-15,2025-10-09,,,,,,,,,,,
PROJECT,8,E-Commerce Platform 8,2022-01-30,2022-05-02,,,,,,,,,,,
PROJECT,9,Cloud Migration 9,2022-05-23,2022-10-25,,,,,,,,,,,
PROJECT,10,DevOps Automation 10,2024-05-29,2025-03-23,,,,,,,,,,,
PROJECT,11,E-Commerce Platform 11,2023-02-18,2024-12-25,,,,,,,,,,,
PROJECT,12,Cloud Migration 12,2024-02-12,2025-11-07,,,,,,,,,,,
PROJECT,13,Payment Gateway 13,2023-10-10,2025-10-04,,,,,,,,,,,
PROJECT,14,API Gateway 14,2023-03-07,2024-11-14,,,,,,,,,,,
PROJECT,15,ML Pipeline 15,2023-09-06,2024-06-17,,,,,,,,,,,
PROJECT,16,ERP Integration 16,2023-07-11,2025-05-04,,,,,,,,,,,
PROJECT,17,HR Portal 17,2024-04-09,2024-06-14,,,,,,,,,,,
PROJECT,18,Payment Gateway 18,2022-02-09,2022-09-20,,,,,,,,,,,
PROJECT,19,Security Audit 19,2023-08-07,2024-12-11,,,,,,,,,,,
PROJECT,20,Data Analytics 20,2022-02-18,2023-01-28,,,,,,,,,,,
PROJECT,21,HR Portal 21,2022-12-30,2023-10-06,,,,,,,,,,,
PROJECT,22,Mobile App 22,2023-01-25,2024-03-04,,,,,,,,,,,
PROJECT,23,API Gateway 23,2024-02-09,2024-07-12,,,,,,,,,,,
PROJECT,24,Security Audit 24,2022-01-04,2022-06-12,,,,,,,,,,,
PROJECT,25,CRM System 25,2023-10-07,2024-11-22,,,,,,,,,,,
PROJECT,26,HR Portal 26,2022-05-10,2023-04-05,,,,,,,,,,,
PROJECT,27,Payment Gateway 27,2023-03-09,2023-06-21,,,,,,,,,,,
PROJECT,28,DevOps Automation 28,2022-02-26,2023-08-10,,,,,,,,,,,
PROJECT,29,BI Reporting 29,2024-01-08,2024-07-13,,,,,,,,,,,
PROJECT,30,Mobile App 30,2024-05-08,2025-07-29,,,,,,,,,,,
PROJECT,31,ERP Integration 31,2023-07-01,2025-03-17,,,,,,,,,,,
PROJECT,32,CRM System 32,2023-10-19,2025-09-21,,,,,,,,,,,
PROJECT,33,CRM System 33,2022-04-04,2023-06-08,,,,,,,,,,,
PROJECT,34,Payment Gateway 34,2022-12-06,2023-08-19,,,,,,,,,,,
PROJECT,35,E-Commerce Platform 35,2023-01-14,2023-05-25,,,,,,,,,,,
PROJECT,36,HR Portal 36,2023-11-30,2024-09-18,,,,,,,,,,,
PROJECT,37,Mobile App 37,2023-09-30,2024-09-20,,,,,,,,,,,
PROJECT,38,Supply Chain 38,2022-09-18,2023-07-13,,,,,,,,,,,
PROJECT,39,API Gateway 39,2023-08-29,2024-02-08,,,,,,,,,,,
PROJECT,40,ML Pipeline 40,2022-08-27,2023-08-06,,,,,,,,,,,
PROJECT,41,Supply Chain 41,2022-09-17,2024-08-27,,,,,,,,,,,
PROJECT,42,Data Analytics 42,2022-03-27,2023-06-03,,,,,,,,,,,
PROJECT,43,Security Audit 43,2022-04-29,2023-07-12,,,,,,,,,,,
PROJECT,44,IoT Dashboard 44,2023-08-25,2024-05-25,,,,,,,,,,,
PROJECT,45,Payment Gateway 45,2024-03-08,2025-02-04,,,,,,,,,,,
PROJECT,46,Mobile App 46,2022-03-09,2024-03-01,,,,,,,,,,,
PROJECT,47,IoT Dashboard 47,2024-03-21,2026-02-02,,,,,,,,,,,
PROJECT,48,DevOps Automation 48,2023-03-12,2023-11-02,,,,,,,,,,,
PROJECT,49,Data Analytics 49,2022-04-03,2023-02-07,,,,,,,,,,,
PROJECT,50,API Gateway 50,2023-08-24,2025-02-07,,,,,,,,,,,
PROJECT,51,BI Reporting 51,2022-02-13,2023-01-15,,,,,,,,,,,
PROJECT,52,Payment Gateway 52,2023-05-08,2025-04-22,,,,,,,,,,,
PROJECT,53,Cloud Migration 53,2023-12-06,2025-08-27,,,,,,,,,,,
PROJECT,54,Supply Chain 54,2024-05-24,2025-06-20,,,,,,,,,,,
PROJECT,55,Cloud Migration 55,2022-05-31,2022-09-25,,,,,,,,,,,
PROJECT,56,HR Portal 56,2023-02-21,2023-05-24,,,,,,,,,,,
PROJECT,57,API Gateway 57,2022-11-15,2023-12-03,,,,,,,,,,,
PROJECT,58,Mobile App 58,2023-06-13,2024-05-12,,,,,,,,,,,
PROJECT,59,BI Reporting 59,2023-10-03,2024-07-05,,,,,,,,,,,
PROJECT,60,BI Reporting 60,2022-09-30,2024-07-01,,,,,,,,,,,
MATERIAL_RESOURCE,1,SSD Drive_1,,,,,,,,material,,,336,,
HUMAN_RESOURCE,2,Person_2,,,,,,,,human,Project Manager,3,,,
HUMAN_RESOURCE,3,Person_3,,,,,,,,human,Business Analyst,9,,,
HUMAN_RESOURCE,4,Person_4,,,,,,,,human,Security Engineer,7,,,
MATERIAL_RESOURCE,5,Software License_5,,,,,,,,material,,,186,,
HUMAN_RESOURCE,6,Person_6,,,,,,,,human,Designer,9,,,
HUMAN_RESOURCE,7,Person_7,,,,,,,,human,Developer,2,,,
HUMAN_RESOURCE,8,Person_8,,,,,,,,human,Designer,7,,,
HUMAN_RESOURCE,9,Person_9,,,,,,,,human,Solution Architect,7,,,
HUMAN_RESOURCE,10,Person_10,,,,,,,,human,Project Manager,9,,,
HUMAN_RESOURCE,11,Person_11,,,,,,,,human,Data Scientist,1,,,
MATERIAL_RESOURCE,12,Laptop_12,,,,,,,,material,,,350,,
MATERIAL_RESOURCE,13,Network Switch_13,,,,,,,,material,,,394,,
HUMAN_RESOURCE,14,Person_14,,,,,,,,human,Senior Developer,5,,,
HUMAN_RESOURCE,15,Person_15,,,,,,,,human,Project Manager,1,,,
MATERIAL_RESOURCE,16,Network Switch_16,,,,,,,,material,,,498,,
HUMAN_RESOURCE,17,Person_17,,,,,,,,human,Designer,9,,,
MATERIAL_RESOURCE,18,Network Switch_18,,,,,,,,material,,,431,,
HUMAN_RESOURCE,19,Person_19,,,,,,,,human,Security Engineer,4,,,
HUMAN_RESOURCE,20,Person_20,,,,,,,,human,Designer,9,,,
MATERIAL_RESOURCE,21,Monitor_21,,,,,,,,material,,,471,,
HUMAN_RESOURCE,22,Person_22,,,,,,,,human,DevOps Engineer,8,,,
HUMAN_RESOURCE,23,Person_23,,,,,,,,human,DevOps Engineer,5,,,
HUMAN_RESOURCE,24,Person_24,,,,,,,,human,Business Analyst,10,,,
MATERIAL_RESOURCE,25,Laptop_25,,,,,,,,material,,,375,,
HUMAN_RESOURCE,26,Person_26,,,,,,,,human,Senior Developer,9,,,
MATERIAL_RESOURCE,27,Cloud License_27,,,,,,,,material,,,338,,
HUMAN_RESOURCE,28,Person_28,,,,,,,,human,Data Scientist,3,,,
HUMAN_RESOURCE,29,Person_29,,,,,,,,human,Security Engineer,7,,,
MATERIAL_RESOURCE,30,Monitor_30,,,,,,,,material,,,387,,
MATERIAL_RESOURCE,31,SSD Drive_31,,,,,,,,material,,,366,,
HUMAN_RESOURCE,32,Person_32,,,,,,,,human,DevOps Engineer,8,,,
MATERIAL_RESOURCE,33,External HDD_33,,,,,,,,material,,,62,,
HUMAN_RESOURCE,34,Person_34,,,,,,,,human,Senior Developer,6,,,
HUMAN_RESOURCE,35,Person_35,,,,,,,,human,Data Scientist,4,,,
HUMAN_RESOURCE,36,Person_36,,,,,,,,human,Developer,2,,,
MATERIAL_RESOURCE,37,Server_37,,,,,,,,material,,,118,,
HUMAN_RESOURCE,38,Person_38,,,,,,,,human,Developer,6,,,
HUMAN_RESOURCE,39,Person_39,,,,,,,,human,Business Analyst,5,,,
MATERIAL_RESOURCE,40,SSD Drive_40,,,,,,,,material,,,277,,
HUMAN_RESOURCE,41,Person_41,,,,,,,,human,Security Engineer,10,,,
HUMAN_RESOURCE,42,Person_42,,,,,,,,human,Project Manager,7,,,
HUMAN_RESOURCE,43,Person_43,,,,,,,,human,Senior Developer,7,,,
HUMAN_RESOURCE,44,Person_44,,,,,,,,human,Solution Architect,8,,,
MATERIAL_RESOURCE,45,Server_45,,,,,,,,material,,,345,,
MATERIAL_RESOURCE,46,Laptop_46,,,,,,,,material,,,32,,
HUMAN_RESOURCE,47,Person_47,,,,,,,,human,DevOps Engineer,2,,,
HUMAN_RESOURCE,48,Person_48,,,,,,,,human,Business Analyst,9,,,
HUMAN_RESOURCE,49,Person_49,,,,,,,,human,Solution Architect,3,,,
HUMAN_RESOURCE,50,Person_50,,,,,,,,human,Business Analyst,2,,,
HUMAN_RESOURCE,51,Person_51,,,,,,,,human,Data Scientist,2,,,
HUMAN_RESOURCE,52,Person_52,,,,,,,,human,Data Scientist,1,,,
MATERIAL_RESOURCE,53,SSD Drive_53,,,,,,,,material,,,86,,
HUMAN_RESOURCE,54,Person_54,,,,,,,,human,Project Manager,4,,,
MATERIAL_RESOURCE,55,Server_55,,,,,,,,material,,,85,,
HUMAN_RESOURCE,56,Person_56,,,,,,,,human,Solution Architect,5,,,
MATERIAL_RESOURCE,57,External HDD_57,,,,,,,,material,,,147,,
HUMAN_RESOURCE,58,Person_58,,,,,,,,human,Data Scientist,8,,,
HUMAN_RESOURCE,59,Person_59,,,,,,,,human,QA Engineer,4,,,
MATERIAL_RESOURCE,60,Keyboard_60,,,,,,,,material,,,377,,
HUMAN_RESOURCE,61,Person_61,,,,,,,,human,DevOps Engineer,1,,,
HUMAN_RESOURCE,62,Person_62,,,,,,,,human,Project Manager,9,,,
MATERIAL_RESOURCE,63,Monitor_63,,,,,,,,material,,,81,,
HUMAN_RESOURCE,64,Person_64,,,,,,,,human,Data Scientist,2,,,
MATERIAL_RESOURCE,65,Laptop_65,,,,,,,,material,,,305,,
HUMAN_RESOURCE,66,Person_66,,,,,,,,human,Business Analyst,7,,,
HUMAN_RESOURCE,67,Person_67,,,,,,,,human,Security Engineer,4,,,
HUMAN_RESOURCE,68,Person_68,,,,,,,,human,Developer,10,,,
HUMAN_RESOURCE,69,Person_69,,,,,,,,human,Security Engineer,10,,,
HUMAN_RESOURCE,70,Person_70,,,,,,,,human,QA Engineer,4,,,
MATERIAL_RESOURCE,71,UPS Unit_71,,,,,,,,material,,,123,,
HUMAN_RESOURCE,72,Person_72,,,,,,,,human,Designer,5,,,
HUMAN_RESOURCE,73,Person_73,,,,,,,,human,Senior Developer,1,,,
HUMAN_RESOURCE,74,Person_74,,,,,,,,human,Security Engineer,2,,,
HUMAN_RESOURCE,75,Person_75,,,,,,,,human,Business Analyst,9,,,
HUMAN_RESOURCE,76,Person_76,,,,,,,,human,DevOps Engineer,2,,,
MATERIAL_RESOURCE,77,UPS Unit_77,,,,,,,,material,,,146,,
HUMAN_RESOURCE,78,Person_78,,,,,,,,human,Data Scientist,5,,,
HUMAN_RESOURCE,79,Person_79,,,,,,,,human,Data Scientist,1,,,
MATERIAL_RESOURCE,80,Monitor_80,,,,,,,,material,,,154,,
MATERIAL_RESOURCE,81,Laptop_81,,,,,,,,material,,,481,,
MATERIAL_RESOURCE,82,Network Switch_82,,,,,,,,material,,,60,,
MATERIAL_RESOURCE,83,Monitor_83,,,,,,,,material,,,80,,
HUMAN_RESOURCE,84,Person_84,,,,,,,,human,Security Engineer,4,,,
MATERIAL_RESOURCE,85,SSD Drive_85,,,,,,,,material,,,352,,
HUMAN_RESOURCE,86,Person_86,,,,,,,,human,QA Engineer,9,,,
HUMAN_RESOURCE,87,Person_87,,,,,,,,human,Developer,2,,,
HUMAN_RESOURCE,88,Person_88,,,,,,,,human,QA Engineer,1,,,
HUMAN_RESOURCE,89,Person_89,,,,,,,,human,Designer,5,,,
HUMAN_RESOURCE,90,Person_90,,,,,,,,human,Project Manager,9,,,
MATERIAL_RESOURCE,91,Monitor_91,,,,,,,,material,,,5,,
HUMAN_RESOURCE,92,Person_92,,,,,,,,human,Designer,9,,,
HUMAN_RESOURCE,93,Person_93,,,,,,,,human,DevOps Engineer,10,,,
HUMAN_RESOURCE,94,Person_94,,,,,,,,human,Solution Architect,3,,,
HUMAN_RESOURCE,95,Person_95,,,,,,,,human,DevOps Engineer,1,,,
MATERIAL_RESOURCE,96,SSD Drive_96,,,,,,,,material,,,350,,
HUMAN_RESOURCE,97,Person_97,,,,,,,,human,Senior Developer,6,,,
MATERIAL_RESOURCE,98,Software License_98,,,,,,,,material,,,499,,
HUMAN_RESOURCE,99,Person_99,,,,,,,,human,Designer,4,,,
MATERIAL_RESOURCE,100,Cloud License_100,,,,,,,,material,,,452,,
HUMAN_RESOURCE,101,Person_101,,,,,,,,human,Designer,6,,,
MATERIAL_RESOURCE,102,Software License_102,,,,,,,,material,,,411,,
MATERIAL_RESOURCE,103,SSD Drive_103,,,,,,,,material,,,137,,
HUMAN_RESOURCE,104,Person_104,,,,,,,,human,Senior Developer,7,,,
MATERIAL_RESOURCE,105,External HDD_105,,,,,,,,material,,,114,,
HUMAN_RESOURCE,106,Person_106,,,,,,,,human,Project Manager,6,,,
HUMAN_RESOURCE,107,Person_107,,,,,,,,human,Business Analyst,4,,,
HUMAN_RESOURCE,108,Person_108,,,,,,,,human,Business Analyst,7,,,
HUMAN_RESOURCE,109,Person_109,,,,,,,,human,Senior Developer,5,,,
HUMAN_RESOURCE,110,Person_110,,,,,,,,human,Data Scientist,7,,,
MATERIAL_RESOURCE,111,Monitor_111,,,,,,,,material,,,170,,
MATERIAL_RESOURCE,112,Laptop_112,,,,,,,,material,,,450,,
MATERIAL_RESOURCE,113,Cloud License_113,,,,,,,,material,,,298,,
MATERIAL_RESOURCE,114,Network Switch_114,,,,,,,,material,,,20,,
HUMAN_RESOURCE,115,Person_115,,,,,,,,human,Solution Architect,6,,,
MATERIAL_RESOURCE,116,UPS Unit_116,,,,,,,,material,,,224,,
HUMAN_RESOURCE,117,Person_117,,,,,,,,human,Data Scientist,2,,,
HUMAN_RESOURCE,118,Person_118,,,,,,,,human,Security Engineer,4,,,
HUMAN_RESOURCE,119,Person_119,,,,,,,,human,Solution Architect,1,,,
HUMAN_RESOURCE,120,Person_120,,,,,,,,human,Data Scientist,4,,,
HUMAN_RESOURCE,121,Person_121,,,,,,,,human,Senior Developer,6,,,
HUMAN_RESOURCE,122,Person_122,,,,,,,,human,Senior Developer,5,,,
HUMAN_RESOURCE,123,Person_123,,,,,,,,human,Solution Architect,6,,,
HUMAN_RESOURCE,124,Person_124,,,,,,,,human,QA Engineer,9,,,
HUMAN_RESOURCE,125,Person_125,,,,,,,,human,Solution Architect,7,,,
MATERIAL_RESOURCE,126,Cloud License_126,,,,,,,,material,,,316,,
HUMAN_RESOURCE,127,Person_127,,,,,,,,human,Solution Architect,9,,,
MATERIAL_RESOURCE,128,Network Switch_128,,,,,,,,material,,,147,,
HUMAN_RESOURCE,129,Person_129,,,,,,,,human,Security Engineer,10,,,
MATERIAL_RESOURCE,130,External HDD_130,,,,,,,,material,,,227,,
HUMAN_RESOURCE,131,Person_131,,,,,,,,human,Business Analyst,9,,,
HUMAN_RESOURCE,132,Person_132,,,,,,,,human,Designer,2,,,
HUMAN_RESOURCE,133,Person_133,,,,,,,,human,Security Engineer,6,,,
HUMAN_RESOURCE,134,Person_134,,,,,,,,human,Business Analyst,5,,,
HUMAN_RESOURCE,135,Person_135,,,,,,,,human,Business Analyst,3,,,
HUMAN_RESOURCE,136,Person_136,,,,,,,,human,Business Analyst,8,,,
HUMAN_RESOURCE,137,Person_137,,,,,,,,human,Senior Developer,8,,,
HUMAN_RESOURCE,138,Person_138,,,,,,,,human,Security Engineer,4,,,
MATERIAL_RESOURCE,139,Software License_139,,,,,,,,material,,,254,,
HUMAN_RESOURCE,140,Person_140,,,,,,,,human,Designer,1,,,
MATERIAL_RESOURCE,141,Laptop_141,,,,,,,,material,,,399,,
HUMAN_RESOURCE,142,Person_142,,,,,,,,human,Designer,9,,,
HUMAN_RESOURCE,143,Person_143,,,,,,,,human,Data Scientist,4,,,
MATERIAL_RESOURCE,144,Laptop_144,,,,,,,,material,,,234,,
HUMAN_RESOURCE,145,Person_145,,,,,,,,human,Project Manager,9,,,
MATERIAL_RESOURCE,146,Keyboard_146,,,,,,,,material,,,163,,
MATERIAL_RESOURCE,147,External HDD_147,,,,,,,,material,,,314,,
MATERIAL_RESOURCE,148,Monitor_148,,,,,,,,material,,,219,,
MATERIAL_RESOURCE,149,Monitor_149,,,,,,,,material,,,229,,
MATERIAL_RESOURCE,150,External HDD_150,,,,,,,,material,,,231,,
HUMAN_RESOURCE,151,Person_151,,,,,,,,human,Business Analyst,5,,,
MATERIAL_RESOURCE,152,Monitor_152,,,,,,,,material,,,249,,
HUMAN_RESOURCE,153,Person_153,,,,,,,,human,QA Engineer,8,,,
HUMAN_RESOURCE,154,Person_154,,,,,,,,human,QA Engineer,4,,,
HUMAN_RESOURCE,155,Person_155,,,,,,,,human,DevOps Engineer,9,,,
HUMAN_RESOURCE,156,Person_156,,,,,,,,human,Designer,4,,,
HUMAN_RESOURCE,157,Person_157,,,,,,,,human,Designer,4,,,
HUMAN_RESOURCE,158,Person_158,,,,,,,,human,Solution Architect,6,,,
HUMAN_RESOURCE,159,Person_159,,,,,,,,human,Solution Architect,1,,,
HUMAN_RESOURCE,160,Person_160,,,,,,,,human,Solution Architect,7,,,
MATERIAL_RESOURCE,161,Keyboard_161,,,,,,,,material,,,485,,
MATERIAL_RESOURCE,162,Keyboard_162,,,,,,,,material,,,195,,
HUMAN_RESOURCE,163,Person_163,,,,,,,,human,DevOps Engineer,5,,,
MATERIAL_RESOURCE,164,Software License_164,,,,,,,,material,,,276,,
MATERIAL_RESOURCE,165,Monitor_165,,,,,,,,material,,,410,,
HUMAN_RESOURCE,166,Person_166,,,,,,,,human,Business Analyst,8,,,
HUMAN_RESOURCE,167,Person_167,,,,,,,,human,Solution Architect,8,,,
HUMAN_RESOURCE,168,Person_168,,,,,,,,human,DevOps Engineer,7,,,
MATERIAL_RESOURCE,169,External HDD_169,,,,,,,,material,,,471,,
HUMAN_RESOURCE,170,Person_170,,,,,,,,human,Security Engineer,9,,,
HUMAN_RESOURCE,171,Person_171,,,,,,,,human,Solution Architect,10,,,
HUMAN_RESOURCE,172,Person_172,,,,,,,,human,Developer,2,,,
HUMAN_RESOURCE,173,Person_173,,,,,,,,human,Designer,8,,,
HUMAN_RESOURCE,174,Person_174,,,,,,,,human,QA Engineer,7,,,
HUMAN_RESOURCE,175,Person_175,,,,,,,,human,Project Manager,6,,,
HUMAN_RESOURCE,176,Person_176,,,,,,,,human,Solution Architect,5,,,
MATERIAL_RESOURCE,177,Software License_177,,,,,,,,material,,,130,,
MATERIAL_RESOURCE,178,External HDD_178,,,,,,,,material,,,10,,
MATERIAL_RESOURCE,179,Server_179,,,,,,,,material,,,488,,
HUMAN_RESOURCE,180,Person_180,,,,,,,,human,Senior Developer,1,,,
MATERIAL_RESOURCE,181,SSD Drive_181,,,,,,,,material,,,103,,
MATERIAL_RESOURCE,182,Keyboard_182,,,,,,,,material,,,79,,
HUMAN_RESOURCE,183,Person_183,,,,,,,,human,Project Manager,2,,,
HUMAN_RESOURCE,184,Person_184,,,,,,,,human,Business Analyst,8,,,
MATERIAL_RESOURCE,185,UPS Unit_185,,,,,,,,material,,,86,,
HUMAN_RESOURCE,186,Person_186,,,,,,,,human,Senior Developer,3,,,
MATERIAL_RESOURCE,187,Laptop_187,,,,,,,,material,,,297,,
HUMAN_RESOURCE,188,Person_188,,,,,,,,human,QA Engineer,10,,,
MATERIAL_RESOURCE,189,Software License_189,,,,,,,,material,,,204,,
MATERIAL_RESOURCE,190,SSD Drive_190,,,,,,,,material,,,39,,
HUMAN_RESOURCE,191,Person_191,,,,,,,,human,Business Analyst,2,,,
MATERIAL_RESOURCE,192,Network Switch_192,,,,,,,,material,,,436,,
MATERIAL_RESOURCE,193,Laptop_193,,,,,,,,material,,,408,,
MATERIAL_RESOURCE,194,Server_194,,,,,,,,material,,,178,,
HUMAN_RESOURCE,195,Person_195,,,,,,,,human,DevOps Engineer,2,,,
HUMAN_RESOURCE,196,Person_196,,,,,,,,human,DevOps Engineer,1,,,
MATERIAL_RESOURCE,197,External HDD_197,,,,,,,,material,,,55,,
HUMAN_RESOURCE,198,Person_198,,,,,,,,human,DevOps Engineer,8,,,
MATERIAL_RESOURCE,199,Software License_199,,,,,,,,material,,,91,,
MATERIAL_RESOURCE,200,Network Switch_200,,,,,,,,material,,,316,,
MATERIAL_RESOURCE,201,Monitor_201,,,,,,,,material,,,397,,
HUMAN_RESOURCE,202,Person_202,,,,,,,,human,Solution Architect,10,,,
HUMAN_RESOURCE,203,Person_203,,,,,,,,human,Business Analyst,2,,,
HUMAN_RESOURCE,204,Person_204,,,,,,,,human,Project Manager,4,,,
MATERIAL_RESOURCE,205,Keyboard_205,,,,,,,,material,,,313,,
MATERIAL_RESOURCE,206,UPS Unit_206,,,,,,,,material,,,15,,
HUMAN_RESOURCE,207,Person_207,,,,,,,,human,DevOps Engineer,3,,,
HUMAN_RESOURCE,208,Person_208,,,,,,,,human,DevOps Engineer,5,,,
HUMAN_RESOURCE,209,Person_209,,,,,,,,human,Security Engineer,5,,,
HUMAN_RESOURCE,210,Person_210,,,,,,,,human,Data Scientist,4,,,
HUMAN_RESOURCE,211,Person_211,,,,,,,,human,Solution Architect,8,,,
HUMAN_RESOURCE,212,Person_212,,,,,,,,human,Business Analyst,8,,,
HUMAN_RESOURCE,213,Person_213,,,,,,,,human,Project Manager,8,,,
MATERIAL_RESOURCE,214,Laptop_214,,,,,,,,material,,,151,,
HUMAN_RESOURCE,215,Person_215,,,,,,,,human,Business Analyst,5,,,
MATERIAL_RESOURCE,216,UPS Unit_216,,,,,,,,material,,,243,,
HUMAN_RESOURCE,217,Person_217,,,,,,,,human,DevOps Engineer,7,,,
MATERIAL_RESOURCE,218,Monitor_218,,,,,,,,material,,,170,,
HUMAN_RESOURCE,219,Person_219,,,,,,,,human,Project Manager,5,,,
HUMAN_RESOURCE,220,Person_220,,,,,,,,human,Business Analyst,2,,,
MATERIAL_RESOURCE,221,UPS Unit_221,,,,,,,,material,,,62,,
MATERIAL_RESOURCE,222,Cloud License_222,,,,,,,,material,,,99,,
HUMAN_RESOURCE,223,Person_223,,,,,,,,human,Project Manager,5,,,
MATERIAL_RESOURCE,224,Monitor_224,,,,,,,,material,,,306,,
HUMAN_RESOURCE,225,Person_225,,,,,,,,human,Senior Developer,4,,,
HUMAN_RESOURCE,226,Person_226,,,,,,,,human,DevOps Engineer,3,,,
HUMAN_RESOURCE,227,Person_227,,,,,,,,human,Data Scientist,3,,,
HUMAN_RESOURCE,228,Person_228,,,,,,,,human,Developer,9,,,
HUMAN_RESOURCE,229,Person_229,,,,,,,,human,Designer,8,,,
HUMAN_RESOURCE,230,Person_230,,,,,,,,human,Developer,10,,,
HUMAN_RESOURCE,231,Person_231,,,,,,,,human,Project Manager,8,,,
HUMAN_RESOURCE,232,Person_232,,,,,,,,human,Developer,5,,,
MATERIAL_RESOURCE,233,External HDD_233,,,,,,,,material,,,59,,
MATERIAL_RESOURCE,234,Software License_234,,,,,,,,material,,,252,,
HUMAN_RESOURCE,235,Person_235,,,,,,,,human,Developer,3,,,
HUMAN_RESOURCE,236,Person_236,,,,,,,,human,Security Engineer,5,,,
HUMAN_RESOURCE,237,Person_237,,,,,,,,human,Business Analyst,2,,,
HUMAN_RESOURCE,238,Person_238,,,,,,,,human,Solution Architect,10,,,
HUMAN_RESOURCE,239,Person_239,,,,,,,,human,Security Engineer,4,,,
MATERIAL_RESOURCE,240,Software License_240,,,,,,,,material,,,231,,
MATERIAL_RESOURCE,241,Network Switch_241,,,,,,,,material,,,441,,
HUMAN_RESOURCE,242,Person_242,,,,,,,,human,Solution Architect,5,,,
HUMAN_RESOURCE,243,Person_243,,,,,,,,human,Developer,10,,,
MATERIAL_RESOURCE,244,Laptop_244,,,,,,,,material,,,486,,
MATERIAL_RESOURCE,245,SSD Drive_245,,,,,,,,material,,,136,,
MATERIAL_RESOURCE,246,Cloud License_246,,,,,,,,material,,,123,,
HUMAN_RESOURCE,247,Person_247,,,,,,,,human,Senior Developer,3,,,
HUMAN_RESOURCE,248,Person_248,,,,,,,,human,Project Manager,10,,,
HUMAN_RESOURCE,249,Person_249,,,,,,,,human,Developer,4,,,
HUMAN_RESOURCE,250,Person_250,,,,,,,,human,QA Engineer,8,,,
MILESTONE,1,Milestone_1,,,2,completed,1,True,,,,,,,
TASK,2,Migrate CI/CD pipeline #2,,,21,in_progress,1,,,,,,,,
TASK,3,Monitor authentication module #3,,,3,pending,1,,,,,,,,
DEPENDENCY,4,Dependency_4,,,5,completed,1,,start_to_finish,,,,,,
DEPENDENCY,5,Dependency_5,,,5,on_hold,1,,finish_to_finish,,,,,,
TASK,6,Integrate search index #6,,,3,pending,1,,,,,,,,
TASK,7,Optimise notification service #7,,,20,completed,1,,,,,,,,
MILESTONE,8,Milestone_8,,,2,pending,1,False,,,,,,,
TASK,9,Validate payment flow #9,,,6,on_hold,1,,,,,,,,
TASK,10,Integrate logging system #10,,,9,in_progress,1,,,,,,,,
TASK,11,Document data export #11,,,27,on_hold,1,,,,,,,,
TASK,12,Integrate notification service #12,,,14,completed,1,,,,,,,,
TASK,13,Design email service #13,,,6,completed,1,,,,,,,,
TASK,14,Integrate frontend layout #14,,,22,on_hold,1,,,,,,,,
TASK,15,Migrate DB schema #15,,,15,pending,2,,,,,,,,
TASK,16,Refactor REST API #16,,,25,on_hold,2,,,,,,,,
TASK,17,Monitor DB schema #17,,,22,on_hold,2,,,,,,,,
TASK,18,Review reporting module #18,,,12,on_hold,2,,,,,,,,
TASK,19,Validate DB schema #19,,,7,completed,2,,,,,,,,
TASK,20,Audit frontend layout #20,,,15,on_hold,2,,,,,,,,
DEPENDENCY,21,Dependency_21,,,10,in_progress,2,,start_to_start,,,,,,
TASK,22,Implement reporting module #22,,,14,pending,2,,,,,,,,
TASK,23,Monitor logging system #23,,,4,on_hold,2,,,,,,,,
TASK,24,Analyse email service #24,,,5,on_hold,2,,,,,,,,
TASK,25,Deploy reporting module #25,,,23,completed,2,,,,,,,,
TASK,26,Integrate search index #26,,,8,on_hold,2,,,,,,,,
TASK,27,Document CI/CD pipeline #27,,,30,in_progress,2,,,,,,,,
TASK,28,Deploy payment flow #28,,,26,on_hold,2,,,,,,,,
TASK,29,Validate reporting module #29,,,9,pending,3,,,,,,,,
TASK,30,Deploy email service #30,,,19,on_hold,3,,,,,,,,
TASK,31,Integrate reporting module #31,,,16,completed,3,,,,,,,,
TASK,32,Validate reporting module #32,,,13,on_hold,3,,,,,,,,
TASK,33,Monitor CI/CD pipeline #33,,,23,in_progress,3,,,,,,,,
TASK,34,Review email service #34,,,25,on_hold,3,,,,,,,,
MILESTONE,35,Milestone_35,,,4,on_hold,3,False,,,,,,,
TASK,36,Validate email service #36,,,21,in_progress,3,,,,,,,,
TASK,37,Implement authentication module #37,,,17,completed,3,,,,,,,,
TASK,38,Monitor email service #38,,,15,pending,3,,,,,,,,
TASK,39,Integrate DB schema #39,,,24,in_progress,3,,,,,,,,
TASK,40,Analyse authentication module #40,,,3,on_hold,3,,,,,,,,
TASK,41,Deploy notification service #41,,,20,on_hold,3,,,,,,,,
TASK,42,Monitor notification service #42,,,28,on_hold,3,,,,,,,,
TASK,43,Analyse user profile #43,,,29,on_hold,4,,,,,,,,
TASK,44,Implement admin panel #44,,,3,in_progress,4,,,,,,,,
TASK,45,Audit frontend layout #45,,,8,pending,4,,,,,,,,
TASK,46,Design payment flow #46,,,21,pending,4,,,,,,,,
TASK,47,Optimise frontend layout #47,,,29,pending,4,,,,,,,,
MILESTONE,48,Milestone_48,,,1,completed,4,False,,,,,,,
TASK,49,Test CI/CD pipeline #49,,,17,on_hold,4,,,,,,,,
TASK,50,Validate authentication module #50,,,6,in_progress,4,,,,,,,,
MILESTONE,51,Milestone_51,,,4,in_progress,4,False,,,,,,,
TASK,52,Test CI/CD pipeline #52,,,15,completed,4,,,,,,,,
TASK,53,Analyse DB schema #53,,,29,on_hold,4,,,,,,,,
TASK,54,Analyse reporting module #54,,,6,pending,4,,,,,,,,
TASK,55,Refactor admin panel #55,,,10,on_hold,4,,,,,,,,
TASK,56,Integrate email service #56,,,10,in_progress,4,,,,,,,,
TASK,57,Monitor search index #57,,,4,in_progress,5,,,,,,,,
TASK,58,Refactor admin panel #58,,,10,completed,5,,,,,,,,
MILESTONE,59,Milestone_59,,,4,completed,5,True,,,,,,,
TASK,60,Analyse payment flow #60,,,24,pending,5,,,,,,,,
TASK,61,Optimise search index #61,,,27,completed,5,,,,,,,,
TASK,62,Review admin panel #62,,,26,completed,5,,,,,,,,
DEPENDENCY,63,Dependency_63,,,4,completed,5,,start_to_start,,,,,,
TASK,64,Audit data export #64,,,21,pending,5,,,,,,,,
TASK,65,Integrate DB schema #65,,,19,completed,5,,,,,,,,
TASK,66,Design logging system #66,,,10,completed,5,,,,,,,,
TASK,67,Test CI/CD pipeline #67,,,5,completed,5,,,,,,,,
TASK,68,Audit frontend layout #68,,,27,in_progress,5,,,,,,,,
TASK,69,Monitor search index #69,,,26,completed,5,,,,,,,,
TASK,70,Refactor payment flow #70,,,4,on_hold,5,,,,,,,,
TASK,71,Test payment flow #71,,,8,on_hold,6,,,,,,,,
TASK,72,Validate reporting module #72,,,12,pending,6,,,,,,,,
TASK,73,Implement frontend layout #73,,,18,pending,6,,,,,,,,
TASK,74,Analyse user profile #74,,,22,completed,6,,,,,,,,
TASK,75,Monitor data export #75,,,12,pending,6,,,,,,,,
TASK,76,Integrate DB schema #76,,,20,completed,6,,,,,,,,
TASK,77,Review data export #77,,,3,on_hold,6,,,,,,,,
TASK,78,Deploy data export #78,,,14,pending,6,,,,,,,,
DEPENDENCY,79,Dependency_79,,,1,completed,6,,start_to_finish,,,,,,
MILESTONE,80,Milestone_80,,,2,in_progress,6,False,,,,,,,
TASK,81,Analyse user profile #81,,,23,on_hold,6,,,,,,,,
TASK,82,Optimise authentication module #82,,,29,on_hold,6,,,,,,,,
TASK,83,Monitor search index #83,,,20,on_hold,6,,,,,,,,
TASK,84,Deploy DB schema #84,,,23,completed,6,,,,,,,,
DEPENDENCY,85,Dependency_85,,,8,in_progress,7,,finish_to_finish,,,,,,
MILESTONE,86,Milestone_86,,,3,completed,7,True,,,,,,,
TASK,87,Review REST API #87,,,28,on_hold,7,,,,,,,,
MILESTONE,88,Milestone_88,,,2,pending,7,True,,,,,,,
TASK,89,Review authentication module #89,,,26,in_progress,7,,,,,,,,
MILESTONE,90,Milestone_90,,,5,in_progress,7,True,,,,,,,
TASK,91,Review notification service #91,,,25,in_progress,7,,,,,,,,
TASK,92,Configure DB schema #92,,,9,in_progress,7,,,,,,,,
TASK,93,Migrate frontend layout #93,,,26,in_progress,7,,,,,,,,
MILESTONE,94,Milestone_94,,,1,in_progress,7,True,,,,,,,
TASK,95,Validate CI/CD pipeline #95,,,19,completed,7,,,,,,,,
MILESTONE,96,Milestone_96,,,3,pending,7,True,,,,,,,
TASK,97,Migrate REST API #97,,,24,pending,7,,,,,,,,
TASK,98,Validate notification service #98,,,17,pending,7,,,,,,,,
TASK,99,Review admin panel #99,,,2,completed,8,,,,,,,,
TASK,100,Implement DB schema #100,,,16,on_hold,8,,,,,,,,
TASK,101,Design search index #101,,,23,on_hold,8,,,,,,,,
MILESTONE,102,Milestone_102,,,1,completed,8,True,,,,,,,
MILESTONE,103,Milestone_103,,,3,completed,8,False,,,,,,,
TASK,104,Migrate frontend layout #104,,,15,on_hold,8,,,,,,,,
MILESTONE,105,Milestone_105,,,1,in_progress,8,False,,,,,,,
TASK,106,Review cache layer #106,,,11,on_hold,8,,,,,,,,
TASK,107,Optimise REST API #107,,,11,on_hold,8,,,,,,,,
TASK,108,Deploy notification service #108,,,5,on_hold,8,,,,,,,,
MILESTONE,109,Milestone_109,,,1,pending,8,False,,,,,,,
MILESTONE,110,Milestone_110,,,3,in_progress,8,True,,,,,,,
TASK,111,Migrate reporting module #111,,,11,pending,8,,,,,,,,
TASK,112,Monitor data export #112,,,25,on_hold,8,,,,,,,,
TASK,113,Optimise DB schema #113,,,10,completed,9,,,,,,,,
TASK,114,Configure reporting module #114,,,7,in_progress,9,,,,,,,,
TASK,115,Review email service #115,,,4,completed,9,,,,,,,,
TASK,116,Refactor REST API #116,,,25,completed,9,,,,,,,,
TASK,117,Validate cache layer #117,,,28,pending,9,,,,,,,,
TASK,118,Analyse email service #118,,,23,completed,9,,,,,,,,
MILESTONE,119,Milestone_119,,,3,completed,9,False,,,,,,,
TASK,120,Test email service #120,,,5,on_hold,9,,,,,,,,
MILESTONE,121,Milestone_121,,,1,pending,9,True,,,,,,,
TASK,122,Integrate notification service #122,,,6,completed,9,,,,,,,,
TASK,123,Refactor payment flow #123,,,19,pending,9,,,,,,,,
TASK,124,Test authentication module #124,,,25,pending,9,,,,,,,,
TASK,125,Deploy search index #125,,,22,on_hold,9,,,,,,,,
TASK,126,Integrate cache layer #126,,,9,in_progress,9,,,,,,,,
TASK,127,Design notification service #127,,,14,pending,10,,,,,,,,
TASK,128,Analyse admin panel #128,,,16,completed,10,,,,,,,,
MILESTONE,129,Milestone_129,,,4,pending,10,True,,,,,,,
DEPENDENCY,130,Dependency_130,,,4,in_progress,10,,finish_to_finish,,,,,,
TASK,131,Design DB schema #131,,,16,on_hold,10,,,,,,,,
DEPENDENCY,132,Dependency_132,,,7,in_progress,10,,finish_to_finish,,,,,,
MILESTONE,133,Milestone_133,,,1,on_hold,10,True,,,,,,,
TASK,134,Design email service #134,,,11,on_hold,10,,,,,,,,
TASK,135,Optimise data export #135,,,14,completed,10,,,,,,,,
MILESTONE,136,Milestone_136,,,1,completed,10,True,,,,,,,
TASK,137,Configure search index #137,,,27,completed,10,,,,,,,,
MILESTONE,138,Milestone_138,,,1,in_progress,10,False,,,,,,,
TASK,139,Migrate REST API #139,,,13,completed,10,,,,,,,,
TASK,140,Review notification service #140,,,25,in_progress,10,,,,,,,,
MILESTONE,141,Milestone_141,,,1,in_progress,11,False,,,,,,,
TASK,142,Monitor data export #142,,,27,in_progress,11,,,,,,,,
TASK,143,Test frontend layout #143,,,7,in_progress,11,,,,,,,,
TASK,144,Validate payment flow #144,,,21,pending,11,,,,,,,,
DEPENDENCY,145,Dependency_145,,,8,on_hold,11,,start_to_finish,,,,,,
TASK,146,Audit admin panel #146,,,21,completed,11,,,,,,,,
TASK,147,Analyse notification service #147,,,5,on_hold,11,,,,,,,,
MILESTONE,148,Milestone_148,,,4,completed,11,False,,,,,,,
TASK,149,Refactor reporting module #149,,,3,completed,11,,,,,,,,
TASK,150,Implement DB schema #150,,,12,completed,11,,,,,,,,
MILESTONE,151,Milestone_151,,,1,on_hold,11,False,,,,,,,
TASK,152,Validate user profile #152,,,29,pending,11,,,,,,,,
TASK,153,Validate admin panel #153,,,21,in_progress,11,,,,,,,,
TASK,154,Integrate reporting module #154,,,5,pending,11,,,,,,,,
TASK,155,Validate logging system #155,,,27,completed,12,,,,,,,,
TASK,156,Design reporting module #156,,,21,in_progress,12,,,,,,,,
MILESTONE,157,Milestone_157,,,4,on_hold,12,True,,,,,,,
TASK,158,Audit frontend layout #158,,,13,on_hold,12,,,,,,,,
TASK,159,Analyse admin panel #159,,,2,completed,12,,,,,,,,
MILESTONE,160,Milestone_160,,,1,on_hold,12,False,,,,,,,
TASK,161,Monitor data export #161,,,30,in_progress,12,,,,,,,,
TASK,162,Configure data export #162,,,5,completed,12,,,,,,,,
TASK,163,Analyse user profile #163,,,22,on_hold,12,,,,,,,,
DEPENDENCY,164,Dependency_164,,,2,completed,12,,start_to_finish,,,,,,
TASK,165,Refactor email service #165,,,5,pending,12,,,,,,,,
TASK,166,Document reporting module #166,,,12,pending,12,,,,,,,,
TASK,167,Test CI/CD pipeline #167,,,11,on_hold,12,,,,,,,,
DEPENDENCY,168,Dependency_168,,,3,in_progress,12,,finish_to_start,,,,,,
TASK,169,Validate REST API #169,,,17,pending,13,,,,,,,,
TASK,170,Audit payment flow #170,,,20,in_progress,13,,,,,,,,
TASK,171,Test authentication module #171,,,6,in_progress,13,,,,,,,,
TASK,172,Implement cache layer #172,,,12,in_progress,13,,,,,,,,
TASK,173,Configure frontend layout #173,,,25,on_hold,13,,,,,,,,
TASK,174,Review frontend layout #174,,,26,on_hold,13,,,,,,,,
TASK,175,Review notification service #175,,,22,on_hold,13,,,,,,,,
TASK,176,Deploy payment flow #176,,,13,on_hold,13,,,,,,,,
TASK,177,Monitor CI/CD pipeline #177,,,26,in_progress,13,,,,,,,,
TASK,178,Implement data export #178,,,16,completed,13,,,,,,,,
TASK,179,Design user profile #179,,,28,pending,13,,,,,,,,
TASK,180,Validate authentication module #180,,,9,on_hold,13,,,,,,,,
TASK,181,Test email service #181,,,14,pending,13,,,,,,,,
TASK,182,Review email service #182,,,15,completed,13,,,,,,,,
TASK,183,Document DB schema #183,,,13,completed,14,,,,,,,,
TASK,184,Design notification service #184,,,8,pending,14,,,,,,,,
TASK,185,Design email service #185,,,23,completed,14,,,,,,,,
TASK,186,Test DB schema #186,,,10,on_hold,14,,,,,,,,
TASK,187,Test payment flow #187,,,23,on_hold,14,,,,,,,,
TASK,188,Implement logging system #188,,,3,pending,14,,,,,,,,
TASK,189,Monitor authentication module #189,,,18,on_hold,14,,,,,,,,
MILESTONE,190,Milestone_190,,,3,in_progress,14,False,,,,,,,
DEPENDENCY,191,Dependency_191,,,4,on_hold,14,,start_to_finish,,,,,,
MILESTONE,192,Milestone_192,,,4,pending,14,True,,,,,,,
TASK,193,Deploy cache layer #193,,,1,completed,14,,,,,,,,
TASK,194,Document authentication module #194,,,22,pending,14,,,,,,,,
TASK,195,Refactor REST API #195,,,17,pending,14,,,,,,,,
TASK,196,Integrate DB schema #196,,,21,on_hold,14,,,,,,,,
TASK,197,Deploy user profile #197,,,1,completed,15,,,,,,,,
TASK,198,Refactor CI/CD pipeline #198,,,24,pending,15,,,,,,,,
TASK,199,Optimise payment flow #199,,,11,in_progress,15,,,,,,,,
MILESTONE,200,Milestone_200,,,5,completed,15,True,,,,,,,
TASK,201,Analyse search index #201,,,23,on_hold,15,,,,,,,,
TASK,202,Validate authentication module #202,,,3,on_hold,15,,,,,,,,
MILESTONE,203,Milestone_203,,,2,pending,15,True,,,,,,,
TASK,204,Refactor logging system #204,,,10,on_hold,15,,,,,,,,
TASK,205,Migrate search index #205,,,9,pending,15,,,,,,,,
TASK,206,Review frontend layout #206,,,12,pending,15,,,,,,,,
TASK,207,Refactor frontend layout #207,,,4,completed,15,,,,,,,,
TASK,208,Document user profile #208,,,15,on_hold,15,,,,,,,,
TASK,209,Test search index #209,,,23,on_hold,15,,,,,,,,
TASK,210,Validate reporting module #210,,,9,pending,15,,,,,,,,
TASK,211,Design cache layer #211,,,20,in_progress,16,,,,,,,,
TASK,212,Refactor REST API #212,,,3,completed,16,,,,,,,,
TASK,213,Deploy search index #213,,,20,on_hold,16,,,,,,,,
DEPENDENCY,214,Dependency_214,,,8,completed,16,,start_to_finish,,,,,,
MILESTONE,215,Milestone_215,,,3,on_hold,16,False,,,,,,,
TASK,216,Validate DB schema #216,,,3,on_hold,16,,,,,,,,
TASK,217,Validate user profile #217,,,22,in_progress,16,,,,,,,,
TASK,218,Test email service #218,,,20,on_hold,16,,,,,,,,
MILESTONE,219,Milestone_219,,,1,in_progress,16,False,,,,,,,
TASK,220,Configure DB schema #220,,,20,in_progress,16,,,,,,,,
TASK,221,Refactor notification service #221,,,15,pending,16,,,,,,,,
TASK,222,Migrate notification service #222,,,13,completed,16,,,,,,,,
TASK,223,Review REST API #223,,,1,in_progress,16,,,,,,,,
TASK,224,Document logging system #224,,,18,pending,16,,,,,,,,
TASK,225,Deploy user profile #225,,,15,in_progress,17,,,,,,,,
TASK,226,Deploy user profile #226,,,30,on_hold,17,,,,,,,,
DEPENDENCY,227,Dependency_227,,,3,pending,17,,start_to_finish,,,,,,
DEPENDENCY,228,Dependency_228,,,8,pending,17,,finish_to_finish,,,,,,
TASK,229,Optimise REST API #229,,,18,completed,17,,,,,,,,
TASK,230,Monitor authentication module #230,,,23,in_progress,17,,,,,,,,
TASK,231,Migrate CI/CD pipeline #231,,,4,in_progress,17,,,,,,,,
TASK,232,Review payment flow #232,,,16,pending,17,,,,,,,,
TASK,233,Configure notification service #233,,,15,in_progress,17,,,,,,,,
TASK,234,Design REST API #234,,,10,on_hold,17,,,,,,,,
TASK,235,Optimise search index #235,,,17,on_hold,17,,,,,,,,
TASK,236,Monitor admin panel #236,,,3,in_progress,17,,,,,,,,
TASK,237,Analyse REST API #237,,,15,on_hold,17,,,,,,,,
TASK,238,Refactor authentication module #238,,,29,in_progress,17,,,,,,,,
TASK,239,Test cache layer #239,,,17,pending,18,,,,,,,,
TASK,240,Migrate authentication module #240,,,10,in_progress,18,,,,,,,,
DEPENDENCY,241,Dependency_241,,,4,completed,18,,finish_to_finish,,,,,,
TASK,242,Deploy CI/CD pipeline #242,,,21,completed,18,,,,,,,,
DEPENDENCY,243,Dependency_243,,,5,pending,18,,start_to_start,,,,,,
TASK,244,Configure authentication module #244,,,6,completed,18,,,,,,,,
TASK,245,Configure DB schema #245,,,27,pending,18,,,,,,,,
MILESTONE,246,Milestone_246,,,5,completed,18,True,,,,,,,
TASK,247,Document admin panel #247,,,21,pending,18,,,,,,,,
TASK,248,Analyse reporting module #248,,,10,completed,18,,,,,,,,
TASK,249,Validate payment flow #249,,,22,on_hold,18,,,,,,,,
TASK,250,Design user profile #250,,,2,in_progress,18,,,,,,,,
TASK,251,Integrate search index #251,,,7,completed,18,,,,,,,,
TASK,252,Refactor email service #252,,,23,completed,18,,,,,,,,
TASK,253,Monitor notification service #253,,,13,in_progress,19,,,,,,,,
TASK,254,Migrate reporting module #254,,,4,completed,19,,,,,,,,
TASK,255,Design frontend layout #255,,,15,in_progress,19,,,,,,,,
DEPENDENCY,256,Dependency_256,,,1,completed,19,,start_to_finish,,,,,,
TASK,257,Document CI/CD pipeline #257,,,28,in_progress,19,,,,,,,,
TASK,258,Audit admin panel #258,,,24,completed,19,,,,,,,,
DEPENDENCY,259,Dependency_259,,,3,on_hold,19,,start_to_finish,,,,,,
TASK,260,Deploy search index #260,,,1,pending,19,,,,,,,,
TASK,261,Migrate search index #261,,,8,in_progress,19,,,,,,,,
TASK,262,Implement DB schema #262,,,10,on_hold,19,,,,,,,,
TASK,263,Monitor data export #263,,,22,on_hold,19,,,,,,,,
TASK,264,Implement email service #264,,,4,on_hold,19,,,,,,,,
DEPENDENCY,265,Dependency_265,,,5,completed,19,,start_to_finish,,,,,,
TASK,266,Document DB schema #266,,,19,in_progress,19,,,,,,,,
TASK,267,Deploy REST API #267,,,13,on_hold,20,,,,,,,,
TASK,268,Deploy email service #268,,,20,pending,20,,,,,,,,
DEPENDENCY,269,Dependency_269,,,2,on_hold,20,,finish_to_finish,,,,,,
TASK,270,Refactor reporting module #270,,,12,in_progress,20,,,,,,,,
DEPENDENCY,271,Dependency_271,,,9,on_hold,20,,finish_to_start,,,,,,
MILESTONE,272,Milestone_272,,,2,completed,20,False,,,,,,,
TASK,273,Test admin panel #273,,,29,in_progress,20,,,,,,,,
TASK,274,Configure notification service #274,,,6,on_hold,20,,,,,,,,
TASK,275,Optimise email service #275,,,10,completed,20,,,,,,,,
TASK,276,Migrate reporting module #276,,,16,completed,20,,,,,,,,
TASK,277,Implement notification service #277,,,11,pending,20,,,,,,,,
TASK,278,Configure frontend layout #278,,,26,pending,20,,,,,,,,
TASK,279,Deploy data export #279,,,26,in_progress,20,,,,,,,,
TASK,280,Configure search index #280,,,6,on_hold,20,,,,,,,,
DEPENDENCY,281,Dependency_281,,,4,pending,21,,finish_to_start,,,,,,
DEPENDENCY,282,Dependency_282,,,8,completed,21,,start_to_finish,,,,,,
DEPENDENCY,283,Dependency_283,,,4,on_hold,21,,start_to_finish,,,,,,
TASK,284,Optimise user profile #284,,,2,in_progress,21,,,,,,,,
TASK,285,Migrate notification service #285,,,22,on_hold,21,,,,,,,,
TASK,286,Refactor authentication module #286,,,15,completed,21,,,,,,,,
TASK,287,Analyse payment flow #287,,,28,completed,21,,,,,,,,
TASK,288,Review CI/CD pipeline #288,,,9,completed,21,,,,,,,,
TASK,289,Deploy payment flow #289,,,10,in_progress,21,,,,,,,,
TASK,290,Integrate notification service #290,,,16,completed,21,,,,,,,,
TASK,291,Audit payment flow #291,,,24,completed,21,,,,,,,,
TASK,292,Configure data export #292,,,18,on_hold,21,,,,,,,,
TASK,293,Document email service #293,,,12,in_progress,21,,,,,,,,
TASK,294,Deploy user profile #294,,,3,completed,21,,,,,,,,
TASK,295,Analyse frontend layout #295,,,24,on_hold,22,,,,,,,,
DEPENDENCY,296,Dependency_296,,,9,completed,22,,finish_to_finish,,,,,,
DEPENDENCY,297,Dependency_297,,,10,in_progress,22,,start_to_start,,,,,,
MILESTONE,298,Milestone_298,,,5,in_progress,22,True,,,,,,,
MILESTONE,299,Milestone_299,,,4,completed,22,False,,,,,,,
MILESTONE,300,Milestone_300,,,2,pending,22,True,,,,,,,
TASK,301,Audit logging system #301,,,29,on_hold,22,,,,,,,,
TASK,302,Review payment flow #302,,,10,completed,22,,,,,,,,
TASK,303,Implement logging system #303,,,25,pending,22,,,,,,,,
TASK,304,Review reporting module #304,,,24,pending,22,,,,,,,,
TASK,305,Test cache layer #305,,,29,in_progress,22,,,,,,,,
TASK,306,Implement email service #306,,,13,on_hold,22,,,,,,,,
DEPENDENCY,307,Dependency_307,,,5,pending,22,,finish_to_start,,,,,,
TASK,308,Configure REST API #308,,,30,completed,22,,,,,,,,
TASK,309,Analyse reporting module #309,,,17,on_hold,23,,,,,,,,
TASK,310,Test email service #310,,,17,on_hold,23,,,,,,,,
TASK,311,Validate REST API #311,,,11,in_progress,23,,,,,,,,
TASK,312,Analyse frontend layout #312,,,23,in_progress,23,,,,,,,,
MILESTONE,313,Milestone_313,,,3,completed,23,True,,,,,,,
DEPENDENCY,314,Dependency_314,,,7,on_hold,23,,finish_to_finish,,,,,,
MILESTONE,315,Milestone_315,,,1,in_progress,23,True,,,,,,,
TASK,316,Audit CI/CD pipeline #316,,,1,completed,23,,,,,,,,
TASK,317,Integrate payment flow #317,,,9,completed,23,,,,,,,,
TASK,318,Optimise admin panel #318,,,1,completed,23,,,,,,,,
TASK,319,Optimise CI/CD pipeline #319,,,2,pending,23,,,,,,,,
TASK,320,Test cache layer #320,,,22,completed,23,,,,,,,,
TASK,321,Analyse logging system #321,,,10,completed,23,,,,,,,,
TASK,322,Review authentication module #322,,,16,in_progress,23,,,,,,,,
TASK,323,Configure notification service #323,,,14,on_hold,24,,,,,,,,
TASK,324,Validate data export #324,,,27,in_progress,24,,,,,,,,
TASK,325,Analyse payment flow #325,,,20,pending,24,,,,,,,,
TASK,326,Migrate user profile #326,,,12,pending,24,,,,,,,,
TASK,327,Design DB schema #327,,,27,in_progress,24,,,,,,,,
TASK,328,Test authentication module #328,,,11,on_hold,24,,,,,,,,
MILESTONE,329,Milestone_329,,,2,on_hold,24,True,,,,,,,
TASK,330,Integrate payment flow #330,,,2,on_hold,24,,,,,,,,
DEPENDENCY,331,Dependency_331,,,7,on_hold,24,,finish_to_start,,,,,,
TASK,332,Analyse payment flow #332,,,10,pending,24,,,,,,,,
TASK,333,Monitor DB schema #333,,,24,in_progress,24,,,,,,,,
TASK,334,Implement cache layer #334,,,12,pending,24,,,,,,,,
TASK,335,Implement logging system #335,,,29,pending,24,,,,,,,,
TASK,336,Integrate DB schema #336,,,10,on_hold,24,,,,,,,,
DEPENDENCY,337,Dependency_337,,,3,on_hold,25,,finish_to_finish,,,,,,
TASK,338,Document search index #338,,,28,on_hold,25,,,,,,,,
TASK,339,Analyse data export #339,,,28,in_progress,25,,,,,,,,
TASK,340,Refactor REST API #340,,,6,on_hold,25,,,,,,,,
TASK,341,Optimise CI/CD pipeline #341,,,27,pending,25,,,,,,,,
TASK,342,Deploy search index #342,,,22,on_hold,25,,,,,,,,
TASK,343,Monitor CI/CD pipeline #343,,,8,on_hold,25,,,,,,,,
TASK,344,Deploy CI/CD pipeline #344,,,30,pending,25,,,,,,,,
MILESTONE,345,Milestone_345,,,4,pending,25,True,,,,,,,
DEPENDENCY,346,Dependency_346,,,2,pending,25,,start_to_finish,,,,,,
TASK,347,Optimise email service #347,,,2,in_progress,25,,,,,,,,
TASK,348,Document search index #348,,,8,in_progress,25,,,,,,,,
TASK,349,Validate DB schema #349,,,5,completed,25,,,,,,,,
TASK,350,Audit user profile #350,,,19,completed,25,,,,,,,,
TASK,351,Validate data export #351,,,27,completed,26,,,,,,,,
TASK,352,Audit authentication module #352,,,22,in_progress,26,,,,,,,,
TASK,353,Deploy DB schema #353,,,18,in_progress,26,,,,,,,,
TASK,354,Document reporting module #354,,,16,pending,26,,,,,,,,
TASK,355,Analyse data export #355,,,13,completed,26,,,,,,,,
TASK,356,Document authentication module #356,,,10,on_hold,26,,,,,,,,
DEPENDENCY,357,Dependency_357,,,9,on_hold,26,,start_to_start,,,,,,
TASK,358,Deploy email service #358,,,23,in_progress,26,,,,,,,,
TASK,359,Audit DB schema #359,,,18,on_hold,26,,,,,,,,
TASK,360,Migrate reporting module #360,,,5,on_hold,26,,,,,,,,
TASK,361,Review notification service #361,,,21,pending,26,,,,,,,,
TASK,362,Monitor notification service #362,,,3,in_progress,26,,,,,,,,
MILESTONE,363,Milestone_363,,,4,pending,26,True,,,,,,,
DEPENDENCY,364,Dependency_364,,,10,in_progress,26,,start_to_finish,,,,,,
DEPENDENCY,365,Dependency_365,,,6,completed,27,,finish_to_start,,,,,,
DEPENDENCY,366,Dependency_366,,,4,pending,27,,start_to_finish,,,,,,
TASK,367,Optimise admin panel #367,,,23,in_progress,27,,,,,,,,
TASK,368,Review reporting module #368,,,11,completed,27,,,,,,,,
TASK,369,Migrate data export #369,,,12,completed,27,,,,,,,,
TASK,370,Migrate logging system #370,,,16,on_hold,27,,,,,,,,
MILESTONE,371,Milestone_371,,,4,completed,27,True,,,,,,,
TASK,372,Document DB schema #372,,,19,in_progress,27,,,,,,,,
TASK,373,Implement frontend layout #373,,,18,on_hold,27,,,,,,,,
TASK,374,Review notification service #374,,,8,on_hold,27,,,,,,,,
TASK,375,Review search index #375,,,18,completed,27,,,,,,,,
TASK,376,Monitor search index #376,,,24,on_hold,27,,,,,,,,
TASK,377,Optimise payment flow #377,,,12,in_progress,27,,,,,,,,
DEPENDENCY,378,Dependency_378,,,9,on_hold,27,,start_to_start,,,,,,
TASK,379,Migrate data export #379,,,2,pending,28,,,,,,,,
TASK,380,Design email service #380,,,22,pending,28,,,,,,,,
TASK,381,Document authentication module #381,,,27,in_progress,28,,,,,,,,
MILESTONE,382,Milestone_382,,,2,pending,28,True,,,,,,,
TASK,383,Refactor DB schema #383,,,20,on_hold,28,,,,,,,,
TASK,384,Implement DB schema #384,,,18,on_hold,28,,,,,,,,
MILESTONE,385,Milestone_385,,,5,completed,28,False,,,,,,,
MILESTONE,386,Milestone_386,,,4,in_progress,28,True,,,,,,,
TASK,387,Migrate authentication module #387,,,8,in_progress,28,,,,,,,,
TASK,388,Deploy email service #388,,,12,completed,28,,,,,,,,
TASK,389,Design notification service #389,,,13,on_hold,28,,,,,,,,
TASK,390,Optimise CI/CD pipeline #390,,,10,pending,28,,,,,,,,
TASK,391,Monitor data export #391,,,25,pending,28,,,,,,,,
MILESTONE,392,Milestone_392,,,4,on_hold,28,False,,,,,,,
MILESTONE,393,Milestone_393,,,1,in_progress,29,True,,,,,,,
TASK,394,Document data export #394,,,26,completed,29,,,,,,,,
TASK,395,Monitor REST API #395,,,29,pending,29,,,,,,,,
TASK,396,Audit email service #396,,,23,on_hold,29,,,,,,,,
TASK,397,Audit REST API #397,,,22,completed,29,,,,,,,,
TASK,398,Configure data export #398,,,2,in_progress,29,,,,,,,,
TASK,399,Refactor DB schema #399,,,7,in_progress,29,,,,,,,,
TASK,400,Optimise email service #400,,,13,pending,29,,,,,,,,
TASK,401,Configure CI/CD pipeline #401,,,19,on_hold,29,,,,,,,,
TASK,402,Migrate notification service #402,,,13,in_progress,29,,,,,,,,
TASK,403,Optimise user profile #403,,,3,completed,29,,,,,,,,
MILESTONE,404,Milestone_404,,,4,in_progress,29,True,,,,,,,
TASK,405,Validate admin panel #405,,,20,on_hold,29,,,,,,,,
TASK,406,Refactor DB schema #406,,,21,completed,29,,,,,,,,
TASK,407,Integrate search index #407,,,8,completed,30,,,,,,,,
TASK,408,Document cache layer #408,,,6,on_hold,30,,,,,,,,
MILESTONE,409,Milestone_409,,,5,completed,30,True,,,,,,,
TASK,410,Design frontend layout #410,,,5,on_hold,30,,,,,,,,
TASK,411,Analyse authentication module #411,,,24,on_hold,30,,,,,,,,
TASK,412,Design REST API #412,,,1,completed,30,,,,,,,,
TASK,413,Validate frontend layout #413,,,4,in_progress,30,,,,,,,,
MILESTONE,414,Milestone_414,,,4,on_hold,30,False,,,,,,,
MILESTONE,415,Milestone_415,,,1,completed,30,True,,,,,,,
TASK,416,Validate notification service #416,,,28,on_hold,30,,,,,,,,
MILESTONE,417,Milestone_417,,,4,on_hold,30,True,,,,,,,
TASK,418,Migrate logging system #418,,,8,in_progress,30,,,,,,,,
TASK,419,Test authentication module #419,,,9,completed,30,,,,,,,,
TASK,420,Test REST API #420,,,6,on_hold,30,,,,,,,,
TASK,421,Deploy search index #421,,,26,pending,31,,,,,,,,
TASK,422,Review user profile #422,,,21,on_hold,31,,,,,,,,
TASK,423,Review search index #423,,,4,in_progress,31,,,,,,,,
TASK,424,Document notification service #424,,,27,on_hold,31,,,,,,,,
TASK,425,Refactor search index #425,,,11,on_hold,31,,,,,,,,
TASK,426,Monitor data export #426,,,20,in_progress,31,,,,,,,,
TASK,427,Configure user profile #427,,,7,on_hold,31,,,,,,,,
TASK,428,Document notification service #428,,,10,on_hold,31,,,,,,,,
TASK,429,Validate CI/CD pipeline #429,,,11,on_hold,31,,,,,,,,
TASK,430,Validate cache layer #430,,,12,pending,31,,,,,,,,
TASK,431,Review admin panel #431,,,18,in_progress,31,,,,,,,,
TASK,432,Migrate DB schema #432,,,24,on_hold,31,,,,,,,,
TASK,433,Review search index #433,,,26,completed,31,,,,,,,,
TASK,434,Design email service #434,,,28,on_hold,31,,,,,,,,
TASK,435,Test data export #435,,,10,in_progress,32,,,,,,,,
TASK,436,Test user profile #436,,,14,on_hold,32,,,,,,,,
MILESTONE,437,Milestone_437,,,5,on_hold,32,False,,,,,,,
TASK,438,Audit logging system #438,,,28,on_hold,32,,,,,,,,
TASK,439,Validate notification service #439,,,23,pending,32,,,,,,,,
MILESTONE,440,Milestone_440,,,2,completed,32,True,,,,,,,
TASK,441,Implement admin panel #441,,,21,on_hold,32,,,,,,,,
TASK,442,Refactor payment flow #442,,,14,pending,32,,,,,,,,
MILESTONE,443,Milestone_443,,,3,in_progress,32,True,,,,,,,
TASK,444,Document search index #444,,,25,in_progress,32,,,,,,,,
TASK,445,Implement search index #445,,,4,completed,32,,,,,,,,
TASK,446,Design REST API #446,,,27,in_progress,32,,,,,,,,
TASK,447,Refactor search index #447,,,26,in_progress,32,,,,,,,,
TASK,448,Refactor search index #448,,,4,on_hold,32,,,,,,,,
TASK,449,Integrate notification service #449,,,3,completed,33,,,,,,,,
MILESTONE,450,Milestone_450,,,1,pending,33,False,,,,,,,
TASK,451,Analyse payment flow #451,,,6,in_progress,33,,,,,,,,
TASK,452,Migrate authentication module #452,,,11,on_hold,33,,,,,,,,
TASK,453,Review payment flow #453,,,13,in_progress,33,,,,,,,,
DEPENDENCY,454,Dependency_454,,,7,on_hold,33,,finish_to_start,,,,,,
TASK,455,Audit CI/CD pipeline #455,,,15,on_hold,33,,,,,,,,
TASK,456,Optimise CI/CD pipeline #456,,,7,completed,33,,,,,,,,
TASK,457,Validate payment flow #457,,,3,pending,33,,,,,,,,
TASK,458,Migrate authentication module #458,,,12,completed,33,,,,,,,,
DEPENDENCY,459,Dependency_459,,,2,completed,33,,start_to_finish,,,,,,
TASK,460,Analyse notification service #460,,,20,on_hold,33,,,,,,,,
TASK,461,Configure REST API #461,,,12,completed,33,,,,,,,,
TASK,462,Configure authentication module #462,,,27,completed,33,,,,,,,,
TASK,463,Configure REST API #463,,,22,in_progress,34,,,,,,,,
TASK,464,Review frontend layout #464,,,4,in_progress,34,,,,,,,,
TASK,465,Test reporting module #465,,,13,on_hold,34,,,,,,,,
TASK,466,Configure cache layer #466,,,14,in_progress,34,,,,,,,,
TASK,467,Migrate user profile #467,,,30,in_progress,34,,,,,,,,
TASK,468,Integrate frontend layout #468,,,5,in_progress,34,,,,,,,,
TASK,469,Integrate admin panel #469,,,2,completed,34,,,,,,,,
TASK,470,Integrate authentication module #470,,,7,on_hold,34,,,,,,,,
TASK,471,Migrate data export #471,,,16,on_hold,34,,,,,,,,
TASK,472,Document user profile #472,,,27,on_hold,34,,,,,,,,
TASK,473,Design admin panel #473,,,1,in_progress,34,,,,,,,,
TASK,474,Deploy CI/CD pipeline #474,,,18,completed,34,,,,,,,,
DEPENDENCY,475,Dependency_475,,,8,on_hold,34,,finish_to_start,,,,,,
TASK,476,Deploy payment flow #476,,,18,completed,34,,,,,,,,
TASK,477,Validate DB schema #477,,,25,on_hold,35,,,,,,,,
TASK,478,Document REST API #478,,,24,in_progress,35,,,,,,,,
TASK,479,Implement search index #479,,,9,completed,35,,,,,,,,
TASK,480,Design search index #480,,,28,pending,35,,,,,,,,
TASK,481,Review CI/CD pipeline #481,,,26,completed,35,,,,,,,,
TASK,482,Configure data export #482,,,14,in_progress,35,,,,,,,,
TASK,483,Validate CI/CD pipeline #483,,,27,in_progress,35,,,,,,,,
TASK,484,Configure notification service #484,,,18,completed,35,,,,,,,,
TASK,485,Test notification service #485,,,23,completed,35,,,,,,,,
TASK,486,Deploy email service #486,,,17,pending,35,,,,,,,,
DEPENDENCY,487,Dependency_487,,,7,pending,35,,finish_to_finish,,,,,,
TASK,488,Test user profile #488,,,28,in_progress,35,,,,,,,,
TASK,489,Optimise notification service #489,,,27,in_progress,35,,,,,,,,
TASK,490,Analyse cache layer #490,,,16,in_progress,35,,,,,,,,
TASK,491,Deploy data export #491,,,14,on_hold,36,,,,,,,,
TASK,492,Analyse payment flow #492,,,29,pending,36,,,,,,,,
TASK,493,Optimise frontend layout #493,,,23,completed,36,,,,,,,,
TASK,494,Integrate notification service #494,,,19,pending,36,,,,,,,,
TASK,495,Monitor user profile #495,,,3,on_hold,36,,,,,,,,
TASK,496,Optimise notification service #496,,,28,pending,36,,,,,,,,
TASK,497,Document CI/CD pipeline #497,,,14,in_progress,36,,,,,,,,
TASK,498,Refactor email service #498,,,10,completed,36,,,,,,,,
TASK,499,Test admin panel #499,,,28,on_hold,36,,,,,,,,
TASK,500,Audit data export #500,,,25,pending,36,,,,,,,,
MILESTONE,501,Milestone_501,,,4,pending,36,True,,,,,,,
TASK,502,Test search index #502,,,15,pending,36,,,,,,,,
TASK,503,Document CI/CD pipeline #503,,,23,in_progress,36,,,,,,,,
TASK,504,Deploy authentication module #504,,,28,completed,36,,,,,,,,
MILESTONE,505,Milestone_505,,,3,completed,37,True,,,,,,,
TASK,506,Audit data export #506,,,6,pending,37,,,,,,,,
TASK,507,Deploy user profile #507,,,23,in_progress,37,,,,,,,,
TASK,508,Design user profile #508,,,4,pending,37,,,,,,,,
DEPENDENCY,509,Dependency_509,,,2,in_progress,37,,start_to_start,,,,,,
TASK,510,Integrate DB schema #510,,,1,completed,37,,,,,,,,
TASK,511,Monitor cache layer #511,,,23,in_progress,37,,,,,,,,
TASK,512,Review cache layer #512,,,3,pending,37,,,,,,,,
MILESTONE,513,Milestone_513,,,3,completed,37,True,,,,,,,
TASK,514,Monitor payment flow #514,,,28,in_progress,37,,,,,,,,
TASK,515,Analyse authentication module #515,,,3,pending,37,,,,,,,,
TASK,516,Test search index #516,,,12,in_progress,37,,,,,,,,
TASK,517,Test logging system #517,,,14,on_hold,37,,,,,,,,
TASK,518,Design logging system #518,,,4,in_progress,37,,,,,,,,
TASK,519,Configure user profile #519,,,13,completed,38,,,,,,,,
TASK,520,Refactor payment flow #520,,,5,in_progress,38,,,,,,,,
TASK,521,Design CI/CD pipeline #521,,,18,completed,38,,,,,,,,
TASK,522,Optimise DB schema #522,,,28,completed,38,,,,,,,,
DEPENDENCY,523,Dependency_523,,,10,in_progress,38,,start_to_finish,,,,,,
TASK,524,Implement payment flow #524,,,29,in_progress,38,,,,,,,,
TASK,525,Design CI/CD pipeline #525,,,16,pending,38,,,,,,,,
TASK,526,Implement notification service #526,,,30,completed,38,,,,,,,,
DEPENDENCY,527,Dependency_527,,,10,on_hold,38,,finish_to_finish,,,,,,
TASK,528,Test payment flow #528,,,16,pending,38,,,,,,,,
MILESTONE,529,Milestone_529,,,1,pending,38,False,,,,,,,
DEPENDENCY,530,Dependency_530,,,1,on_hold,38,,finish_to_finish,,,,,,
TASK,531,Migrate payment flow #531,,,14,on_hold,38,,,,,,,,
TASK,532,Design data export #532,,,18,in_progress,38,,,,,,,,
TASK,533,Deploy REST API #533,,,17,in_progress,39,,,,,,,,
TASK,534,Test reporting module #534,,,11,on_hold,39,,,,,,,,
TASK,535,Validate email service #535,,,21,pending,39,,,,,,,,
TASK,536,Document user profile #536,,,28,in_progress,39,,,,,,,,
MILESTONE,537,Milestone_537,,,1,on_hold,39,True,,,,,,,
TASK,538,Configure DB schema #538,,,10,in_progress,39,,,,,,,,
MILESTONE,539,Milestone_539,,,2,pending,39,True,,,,,,,
TASK,540,Refactor reporting module #540,,,17,completed,39,,,,,,,,
DEPENDENCY,541,Dependency_541,,,3,completed,39,,finish_to_start,,,,,,
TASK,542,Implement notification service #542,,,26,on_hold,39,,,,,,,,
TASK,543,Design frontend layout #543,,,23,pending,39,,,,,,,,
TASK,544,Migrate notification service #544,,,2,on_hold,39,,,,,,,,
TASK,545,Test notification service #545,,,6,completed,39,,,,,,,,
TASK,546,Audit admin panel #546,,,22,pending,39,,,,,,,,
TASK,547,Migrate DB schema #547,,,2,pending,40,,,,,,,,
TASK,548,Integrate notification service #548,,,13,in_progress,40,,,,,,,,
DEPENDENCY,549,Dependency_549,,,1,on_hold,40,,start_to_start,,,,,,
TASK,550,Document logging system #550,,,24,completed,40,,,,,,,,
TASK,551,Design admin panel #551,,,12,pending,40,,,,,,,,
TASK,552,Audit DB schema #552,,,6,in_progress,40,,,,,,,,
TASK,553,Implement cache layer #553,,,3,on_hold,40,,,,,,,,
TASK,554,Validate email service #554,,,10,completed,40,,,,,,,,
MILESTONE,555,Milestone_555,,,4,pending,40,False,,,,,,,
DEPENDENCY,556,Dependency_556,,,10,completed,40,,start_to_start,,,,,,
TASK,557,Configure search index #557,,,25,in_progress,40,,,,,,,,
TASK,558,Migrate payment flow #558,,,26,in_progress,40,,,,,,,,
DEPENDENCY,559,Dependency_559,,,7,pending,40,,start_to_start,,,,,,
TASK,560,Analyse email service #560,,,23,pending,40,,,,,,,,
TASK,561,Implement payment flow #561,,,22,on_hold,41,,,,,,,,
TASK,562,Optimise frontend layout #562,,,4,in_progress,41,,,,,,,,
TASK,563,Review cache layer #563,,,16,pending,41,,,,,,,,
TASK,564,Test user profile #564,,,9,pending,41,,,,,,,,
MILESTONE,565,Milestone_565,,,2,on_hold,41,False,,,,,,,
TASK,566,Optimise REST API #566,,,19,pending,41,,,,,,,,
TASK,567,Analyse email service #567,,,13,pending,41,,,,,,,,
TASK,568,Implement cache layer #568,,,22,in_progress,41,,,,,,,,
TASK,569,Deploy email service #569,,,11,on_hold,41,,,,,,,,
TASK,570,Optimise notification service #570,,,11,on_hold,41,,,,,,,,
TASK,571,Design CI/CD pipeline #571,,,5,pending,41,,,,,,,,
DEPENDENCY,572,Dependency_572,,,3,on_hold,41,,start_to_finish,,,,,,
TASK,573,Design reporting module #573,,,12,in_progress,41,,,,,,,,
TASK,574,Integrate frontend layout #574,,,28,pending,41,,,,,,,,
MILESTONE,575,Milestone_575,,,3,pending,42,True,,,,,,,
TASK,576,Refactor authentication module #576,,,3,in_progress,42,,,,,,,,
TASK,577,Document reporting module #577,,,2,completed,42,,,,,,,,
TASK,578,Test DB schema #578,,,13,on_hold,42,,,,,,,,
TASK,579,Migrate CI/CD pipeline #579,,,4,on_hold,42,,,,,,,,
MILESTONE,580,Milestone_580,,,2,pending,42,True,,,,,,,
MILESTONE,581,Milestone_581,,,2,in_progress,42,True,,,,,,,
TASK,582,Refactor data export #582,,,21,pending,42,,,,,,,,
TASK,583,Deploy logging system #583,,,27,pending,42,,,,,,,,
MILESTONE,584,Milestone_584,,,1,in_progress,42,False,,,,,,,
TASK,585,Design logging system #585,,,28,completed,42,,,,,,,,
DEPENDENCY,586,Dependency_586,,,8,pending,42,,start_to_start,,,,,,
TASK,587,Document email service #587,,,24,on_hold,42,,,,,,,,
TASK,588,Document data export #588,,,14,in_progress,42,,,,,,,,
TASK,589,Audit authentication module #589,,,9,completed,43,,,,,,,,
TASK,590,Test DB schema #590,,,20,in_progress,43,,,,,,,,
TASK,591,Integrate cache layer #591,,,29,on_hold,43,,,,,,,,
MILESTONE,592,Milestone_592,,,3,on_hold,43,True,,,,,,,
TASK,593,Analyse logging system #593,,,26,in_progress,43,,,,,,,,
TASK,594,Validate reporting module #594,,,26,pending,43,,,,,,,,
TASK,595,Validate user profile #595,,,12,on_hold,43,,,,,,,,
TASK,596,Integrate notification service #596,,,30,completed,43,,,,,,,,
TASK,597,Test DB schema #597,,,11,in_progress,43,,,,,,,,
MILESTONE,598,Milestone_598,,,3,pending,43,False,,,,,,,
TASK,599,Validate admin panel #599,,,8,in_progress,43,,,,,,,,
MILESTONE,600,Milestone_600,,,2,completed,43,True,,,,,,,
TASK,601,Review admin panel #601,,,28,on_hold,43,,,,,,,,
TASK,602,Monitor email service #602,,,6,in_progress,43,,,,,,,,
TASK,603,Refactor payment flow #603,,,24,completed,44,,,,,,,,
TASK,604,Implement user profile #604,,,23,completed,44,,,,,,,,
TASK,605,Configure authentication module #605,,,19,in_progress,44,,,,,,,,
TASK,606,Validate logging system #606,,,16,completed,44,,,,,,,,
DEPENDENCY,607,Dependency_607,,,1,pending,44,,finish_to_start,,,,,,
TASK,608,Review DB schema #608,,,17,on_hold,44,,,,,,,,
MILESTONE,609,Milestone_609,,,5,in_progress,44,True,,,,,,,
TASK,610,Test logging system #610,,,26,completed,44,,,,,,,,
MILESTONE,611,Milestone_611,,,2,in_progress,44,True,,,,,,,
TASK,612,Monitor notification service #612,,,3,completed,44,,,,,,,,
TASK,613,Analyse cache layer #613,,,19,pending,44,,,,,,,,
TASK,614,Refactor authentication module #614,,,6,on_hold,44,,,,,,,,
TASK,615,Integrate data export #615,,,11,in_progress,44,,,,,,,,
TASK,616,Migrate user profile #616,,,29,completed,44,,,,,,,,
TASK,617,Configure email service #617,,,6,on_hold,45,,,,,,,,
TASK,618,Optimise frontend layout #618,,,5,in_progress,45,,,,,,,,
TASK,619,Optimise admin panel #619,,,13,pending,45,,,,,,,,
DEPENDENCY,620,Dependency_620,,,6,in_progress,45,,finish_to_start,,,,,,
TASK,621,Test notification service #621,,,24,pending,45,,,,,,,,
TASK,622,Refactor authentication module #622,,,21,pending,45,,,,,,,,
TASK,623,Analyse data export #623,,,24,completed,45,,,,,,,,
TASK,624,Deploy CI/CD pipeline #624,,,8,pending,45,,,,,,,,
TASK,625,Validate REST API #625,,,24,pending,45,,,,,,,,
MILESTONE,626,Milestone_626,,,4,on_hold,45,True,,,,,,,
TASK,627,Integrate logging system #627,,,13,completed,45,,,,,,,,
TASK,628,Design email service #628,,,16,in_progress,45,,,,,,,,
DEPENDENCY,629,Dependency_629,,,2,pending,45,,finish_to_finish,,,,,,
MILESTONE,630,Milestone_630,,,3,pending,45,True,,,,,,,
TASK,631,Audit cache layer #631,,,6,pending,46,,,,,,,,
TASK,632,Audit REST API #632,,,11,on_hold,46,,,,,,,,
TASK,633,Document data export #633,,,6,on_hold,46,,,,,,,,
DEPENDENCY,634,Dependency_634,,,2,completed,46,,start_to_start,,,,,,
TASK,635,Document user profile #635,,,18,completed,46,,,,,,,,
TASK,636,Deploy CI/CD pipeline #636,,,4,pending,46,,,,,,,,
TASK,637,Migrate email service #637,,,16,in_progress,46,,,,,,,,
MILESTONE,638,Milestone_638,,,1,on_hold,46,True,,,,,,,
TASK,639,Analyse data export #639,,,20,on_hold,46,,,,,,,,
DEPENDENCY,640,Dependency_640,,,1,in_progress,46,,start_to_start,,,,,,
TASK,641,Design search index #641,,,28,pending,46,,,,,,,,
TASK,642,Document search index #642,,,16,completed,46,,,,,,,,
MILESTONE,643,Milestone_643,,,5,on_hold,46,True,,,,,,,
TASK,644,Document notification service #644,,,6,on_hold,46,,,,,,,,
MILESTONE,645,Milestone_645,,,4,on_hold,47,False,,,,,,,
TASK,646,Deploy admin panel #646,,,2,in_progress,47,,,,,,,,
TASK,647,Analyse REST API #647,,,3,completed,47,,,,,,,,
TASK,648,Document payment flow #648,,,19,in_progress,47,,,,,,,,
TASK,649,Monitor cache layer #649,,,27,on_hold,47,,,,,,,,
TASK,650,Analyse email service #650,,,30,on_hold,47,,,,,,,,
TASK,651,Review search index #651,,,10,pending,47,,,,,,,,
TASK,652,Monitor user profile #652,,,2,in_progress,47,,,,,,,,
DEPENDENCY,653,Dependency_653,,,8,in_progress,47,,start_to_start,,,,,,
TASK,654,Validate CI/CD pipeline #654,,,5,pending,47,,,,,,,,
TASK,655,Analyse cache layer #655,,,7,in_progress,47,,,,,,,,
TASK,656,Deploy notification service #656,,,30,pending,47,,,,,,,,
MILESTONE,657,Milestone_657,,,5,on_hold,47,False,,,,,,,
TASK,658,Migrate search index #658,,,30,pending,47,,,,,,,,
TASK,659,Configure admin panel #659,,,17,on_hold,48,,,,,,,,
MILESTONE,660,Milestone_660,,,2,in_progress,48,True,,,,,,,
TASK,661,Configure payment flow #661,,,4,completed,48,,,,,,,,
TASK,662,Audit notification service #662,,,29,on_hold,48,,,,,,,,
TASK,663,Analyse search index #663,,,19,on_hold,48,,,,,,,,
MILESTONE,664,Milestone_664,,,3,on_hold,48,True,,,,,,,
TASK,665,Analyse user profile #665,,,13,pending,48,,,,,,,,
TASK,666,Audit notification service #666,,,23,in_progress,48,,,,,,,,
MILESTONE,667,Milestone_667,,,4,completed,48,False,,,,,,,
MILESTONE,668,Milestone_668,,,3,completed,48,False,,,,,,,
TASK,669,Monitor user profile #669,,,22,pending,48,,,,,,,,
TASK,670,Review authentication module #670,,,10,on_hold,48,,,,,,,,
TASK,671,Refactor frontend layout #671,,,24,on_hold,48,,,,,,,,
TASK,672,Design CI/CD pipeline #672,,,15,in_progress,48,,,,,,,,
TASK,673,Document user profile #673,,,16,completed,49,,,,,,,,
TASK,674,Migrate payment flow #674,,,6,pending,49,,,,,,,,
TASK,675,Migrate cache layer #675,,,5,pending,49,,,,,,,,
DEPENDENCY,676,Dependency_676,,,4,pending,49,,start_to_start,,,,,,
MILESTONE,677,Milestone_677,,,1,completed,49,True,,,,,,,
TASK,678,Monitor search index #678,,,17,on_hold,49,,,,,,,,
TASK,679,Design data export #679,,,1,in_progress,49,,,,,,,,
TASK,680,Configure search index #680,,,6,on_hold,49,,,,,,,,
TASK,681,Refactor notification service #681,,,6,completed,49,,,,,,,,
TASK,682,Optimise REST API #682,,,10,pending,49,,,,,,,,
TASK,683,Test email service #683,,,19,in_progress,49,,,,,,,,
TASK,684,Analyse CI/CD pipeline #684,,,22,in_progress,49,,,,,,,,
TASK,685,Document reporting module #685,,,1,pending,49,,,,,,,,
TASK,686,Test data export #686,,,6,pending,49,,,,,,,,
TASK,687,Configure payment flow #687,,,10,completed,50,,,,,,,,
TASK,688,Document email service #688,,,12,on_hold,50,,,,,,,,
TASK,689,Integrate frontend layout #689,,,22,on_hold,50,,,,,,,,
TASK,690,Implement reporting module #690,,,22,completed,50,,,,,,,,
TASK,691,Configure admin panel #691,,,10,completed,50,,,,,,,,
TASK,692,Integrate REST API #692,,,11,completed,50,,,,,,,,
TASK,693,Monitor frontend layout #693,,,9,completed,50,,,,,,,,
DEPENDENCY,694,Dependency_694,,,9,in_progress,50,,finish_to_start,,,,,,
TASK,695,Validate payment flow #695,,,20,on_hold,50,,,,,,,,
TASK,696,Analyse authentication module #696,,,24,pending,50,,,,,,,,
TASK,697,Deploy frontend layout #697,,,30,on_hold,50,,,,,,,,
TASK,698,Optimise DB schema #698,,,19,in_progress,50,,,,,,,,
TASK,699,Optimise CI/CD pipeline #699,,,22,on_hold,50,,,,,,,,
TASK,700,Analyse notification service #700,,,17,completed,50,,,,,,,,
TASK,701,Monitor data export #701,,,29,in_progress,51,,,,,,,,
TASK,702,Integrate authentication module #702,,,24,completed,51,,,,,,,,
TASK,703,Migrate payment flow #703,,,30,in_progress,51,,,,,,,,
TASK,704,Audit notification service #704,,,21,pending,51,,,,,,,,
TASK,705,Review user profile #705,,,28,completed,51,,,,,,,,
TASK,706,Audit notification service #706,,,12,completed,51,,,,,,,,
TASK,707,Integrate email service #707,,,4,on_hold,51,,,,,,,,
MILESTONE,708,Milestone_708,,,5,pending,51,False,,,,,,,
TASK,709,Migrate REST API #709,,,28,on_hold,51,,,,,,,,
TASK,710,Document DB schema #710,,,28,in_progress,51,,,,,,,,
DEPENDENCY,711,Dependency_711,,,4,completed,51,,start_to_finish,,,,,,
TASK,712,Audit logging system #712,,,15,in_progress,51,,,,,,,,
TASK,713,Optimise authentication module #713,,,25,pending,51,,,,,,,,
TASK,714,Analyse authentication module #714,,,11,pending,51,,,,,,,,
MILESTONE,715,Milestone_715,,,3,in_progress,52,True,,,,,,,
TASK,716,Test search index #716,,,26,pending,52,,,,,,,,
DEPENDENCY,717,Dependency_717,,,7,on_hold,52,,start_to_finish,,,,,,
TASK,718,Integrate cache layer #718,,,1,pending,52,,,,,,,,
TASK,719,Optimise notification service #719,,,1,completed,52,,,,,,,,
TASK,720,Migrate CI/CD pipeline #720,,,1,pending,52,,,,,,,,
TASK,721,Review CI/CD pipeline #721,,,23,completed,52,,,,,,,,
TASK,722,Design cache layer #722,,,17,completed,52,,,,,,,,
DEPENDENCY,723,Dependency_723,,,1,completed,52,,finish_to_finish,,,,,,
TASK,724,Migrate admin panel #724,,,17,completed,52,,,,,,,,
TASK,725,Analyse authentication module #725,,,11,on_hold,52,,,,,,,,
TASK,726,Review authentication module #726,,,30,on_hold,52,,,,,,,,
MILESTONE,727,Milestone_727,,,2,in_progress,52,True,,,,,,,
TASK,728,Configure reporting module #728,,,6,pending,52,,,,,,,,
TASK,729,Analyse payment flow #729,,,2,on_hold,53,,,,,,,,
TASK,730,Deploy payment flow #730,,,18,pending,53,,,,,,,,
TASK,731,Implement data export #731,,,4,pending,53,,,,,,,,
MILESTONE,732,Milestone_732,,,1,on_hold,53,False,,,,,,,
TASK,733,Migrate frontend layout #733,,,16,in_progress,53,,,,,,,,
DEPENDENCY,734,Dependency_734,,,1,completed,53,,start_to_finish,,,,,,
TASK,735,Analyse reporting module #735,,,9,in_progress,53,,,,,,,,
TASK,736,Audit REST API #736,,,17,pending,53,,,,,,,,
TASK,737,Validate REST API #737,,,16,in_progress,53,,,,,,,,
TASK,738,Validate frontend layout #738,,,27,in_progress,53,,,,,,,,
TASK,739,Document frontend layout #739,,,6,pending,53,,,,,,,,
TASK,740,Audit CI/CD pipeline #740,,,23,on_hold,53,,,,,,,,
TASK,741,Implement DB schema #741,,,22,pending,53,,,,,,,,
TASK,742,Monitor admin panel #742,,,22,on_hold,53,,,,,,,,
DEPENDENCY,743,Dependency_743,,,2,pending,54,,finish_to_start,,,,,,
TASK,744,Analyse CI/CD pipeline #744,,,15,completed,54,,,,,,,,
TASK,745,Implement REST API #745,,,27,in_progress,54,,,,,,,,
TASK,746,Monitor frontend layout #746,,,12,completed,54,,,,,,,,
TASK,747,Design REST API #747,,,28,pending,54,,,,,,,,
MILESTONE,748,Milestone_748,,,2,in_progress,54,False,,,,,,,
TASK,749,Integrate admin panel #749,,,9,pending,54,,,,,,,,
TASK,750,Refactor authentication module #750,,,4,on_hold,54,,,,,,,,
TASK,751,Integrate frontend layout #751,,,27,on_hold,54,,,,,,,,
TASK,752,Integrate payment flow #752,,,14,in_progress,54,,,,,,,,
MILESTONE,753,Milestone_753,,,1,in_progress,54,True,,,,,,,
TASK,754,Configure search index #754,,,26,on_hold,54,,,,,,,,
DEPENDENCY,755,Dependency_755,,,7,completed,54,,finish_to_start,,,,,,
TASK,756,Audit email service #756,,,24,in_progress,54,,,,,,,,
TASK,757,Integrate REST API #757,,,29,on_hold,55,,,,,,,,
TASK,758,Design frontend layout #758,,,21,completed,55,,,,,,,,
MILESTONE,759,Milestone_759,,,5,in_progress,55,False,,,,,,,
TASK,760,Optimise user profile #760,,,20,pending,55,,,,,,,,
TASK,761,Optimise CI/CD pipeline #761,,,16,completed,55,,,,,,,,
TASK,762,Analyse cache layer #762,,,5,pending,55,,,,,,,,
MILESTONE,763,Milestone_763,,,2,on_hold,55,False,,,,,,,
TASK,764,Design payment flow #764,,,16,completed,55,,,,,,,,
TASK,765,Deploy DB schema #765,,,17,in_progress,55,,,,,,,,
TASK,766,Document cache layer #766,,,27,in_progress,55,,,,,,,,
MILESTONE,767,Milestone_767,,,4,on_hold,55,True,,,,,,,
TASK,768,Integrate notification service #768,,,4,on_hold,55,,,,,,,,
TASK,769,Implement REST API #769,,,13,on_hold,55,,,,,,,,
MILESTONE,770,Milestone_770,,,5,pending,55,True,,,,,,,
TASK,771,Configure data export #771,,,10,in_progress,56,,,,,,,,
TASK,772,Integrate notification service #772,,,12,pending,56,,,,,,,,
TASK,773,Monitor search index #773,,,11,on_hold,56,,,,,,,,
TASK,774,Refactor user profile #774,,,15,pending,56,,,,,,,,
MILESTONE,775,Milestone_775,,,2,pending,56,False,,,,,,,
TASK,776,Analyse payment flow #776,,,10,completed,56,,,,,,,,
TASK,777,Implement logging system #777,,,6,on_hold,56,,,,,,,,
DEPENDENCY,778,Dependency_778,,,7,pending,56,,finish_to_finish,,,,,,
TASK,779,Review REST API #779,,,30,on_hold,56,,,,,,,,
DEPENDENCY,780,Dependency_780,,,4,completed,56,,finish_to_start,,,,,,
TASK,781,Implement logging system #781,,,21,pending,56,,,,,,,,
TASK,782,Integrate search index #782,,,22,in_progress,56,,,,,,,,
TASK,783,Implement reporting module #783,,,24,pending,56,,,,,,,,
TASK,784,Document email service #784,,,19,on_hold,56,,,,,,,,
TASK,785,Validate logging system #785,,,30,in_progress,57,,,,,,,,
TASK,786,Test user profile #786,,,27,in_progress,57,,,,,,,,
MILESTONE,787,Milestone_787,,,5,completed,57,False,,,,,,,
TASK,788,Configure logging system #788,,,23,in_progress,57,,,,,,,,
TASK,789,Refactor frontend layout #789,,,15,in_progress,57,,,,,,,,
DEPENDENCY,790,Dependency_790,,,10,completed,57,,finish_to_finish,,,,,,
TASK,791,Audit reporting module #791,,,21,in_progress,57,,,,,,,,
DEPENDENCY,792,Dependency_792,,,10,completed,57,,finish_to_finish,,,,,,
TASK,793,Test user profile #793,,,21,in_progress,57,,,,,,,,
TASK,794,Optimise data export #794,,,11,pending,57,,,,,,,,
TASK,795,Migrate search index #795,,,19,on_hold,57,,,,,,,,
TASK,796,Audit email service #796,,,18,completed,57,,,,,,,,
TASK,797,Document payment flow #797,,,1,pending,57,,,,,,,,
MILESTONE,798,Milestone_798,,,2,pending,57,True,,,,,,,
DEPENDENCY,799,Dependency_799,,,3,completed,58,,finish_to_finish,,,,,,
DEPENDENCY,800,Dependency_800,,,1,completed,58,,start_to_start,,,,,,
TASK,801,Implement notification service #801,,,27,on_hold,58,,,,,,,,
MILESTONE,802,Milestone_802,,,5,in_progress,58,False,,,,,,,
TASK,803,Validate payment flow #803,,,26,completed,58,,,,,,,,
TASK,804,Implement logging system #804,,,13,on_hold,58,,,,,,,,
TASK,805,Validate data export #805,,,11,pending,58,,,,,,,,
MILESTONE,806,Milestone_806,,,3,in_progress,58,False,,,,,,,
TASK,807,Audit data export #807,,,23,completed,58,,,,,,,,
TASK,808,Migrate user profile #808,,,20,in_progress,58,,,,,,,,
TASK,809,Review frontend layout #809,,,15,in_progress,58,,,,,,,,
TASK,810,Design authentication module #810,,,6,pending,58,,,,,,,,
TASK,811,Document frontend layout #811,,,18,completed,58,,,,,,,,
DEPENDENCY,812,Dependency_812,,,10,completed,58,,finish_to_start,,,,,,
TASK,813,Optimise logging system #813,,,5,pending,59,,,,,,,,
DEPENDENCY,814,Dependency_814,,,6,pending,59,,finish_to_finish,,,,,,
TASK,815,Configure reporting module #815,,,12,pending,59,,,,,,,,
TASK,816,Refactor reporting module #816,,,8,in_progress,59,,,,,,,,
TASK,817,Validate reporting module #817,,,6,on_hold,59,,,,,,,,
TASK,818,Document REST API #818,,,12,in_progress,59,,,,,,,,
TASK,819,Analyse notification service #819,,,11,completed,59,,,,,,,,
TASK,820,Validate admin panel #820,,,17,on_hold,59,,,,,,,,
TASK,821,Monitor payment flow #821,,,21,pending,59,,,,,,,,
MILESTONE,822,Milestone_822,,,3,on_hold,59,True,,,,,,,
TASK,823,Configure logging system #823,,,20,in_progress,59,,,,,,,,
TASK,824,Analyse logging system #824,,,11,on_hold,59,,,,,,,,
TASK,825,Design cache layer #825,,,9,completed,59,,,,,,,,
MILESTONE,826,Milestone_826,,,5,completed,59,False,,,,,,,
TASK,827,Deploy logging system #827,,,21,in_progress,60,,,,,,,,
TASK,828,Design REST API #828,,,6,pending,60,,,,,,,,
TASK,829,Review data export #829,,,21,in_progress,60,,,,,,,,
TASK,830,Document email service #830,,,4,in_progress,60,,,,,,,,
TASK,831,Optimise logging system #831,,,24,on_hold,60,,,,,,,,
TASK,832,Design user profile #832,,,22,in_progress,60,,,,,,,,
MILESTONE,833,Milestone_833,,,3,pending,60,True,,,,,,,
MILESTONE,834,Milestone_834,,,2,completed,60,True,,,,,,,
TASK,835,Review logging system #835,,,9,on_hold,60,,,,,,,,
TASK,836,Analyse cache layer #836,,,14,completed,60,,,,,,,,
MILESTONE,837,Milestone_837,,,1,pending,60,True,,,,,,,
TASK,838,Configure DB schema #838,,,23,pending,60,,,,,,,,
TASK,839,Migrate REST API #839,,,10,completed,60,,,,,,,,
TASK,840,Deploy payment flow #840,,,30,on_hold,60,,,,,,,,
ASSIGNMENT,,,,,,,,,,,,,,1,102
ASSIGNMENT,,,,,,,,,,,,,,1,211
ASSIGNMENT,,,,,,,,,,,,,,2,8
ASSIGNMENT,,,,,,,,,,,,,,2,122
ASSIGNMENT,,,,,,,,,,,,,,2,41
ASSIGNMENT,,,,,,,,,,,,,,3,57
ASSIGNMENT,,,,,,,,,,,,,,3,35
ASSIGNMENT,,,,,,,,,,,,,,3,192
ASSIGNMENT,,,,,,,,,,,,,,4,204
ASSIGNMENT,,,,,,,,,,,,,,4,205
ASSIGNMENT,,,,,,,,,,,,,,5,76
ASSIGNMENT,,,,,,,,,,,,,,5,246
ASSIGNMENT,,,,,,,,,,,,,,5,163
ASSIGNMENT,,,,,,,,,,,,,,6,77
ASSIGNMENT,,,,,,,,,,,,,,7,228
ASSIGNMENT,,,,,,,,,,,,,,7,235
ASSIGNMENT,,,,,,,,,,,,,,7,248
ASSIGNMENT,,,,,,,,,,,,,,8,166
ASSIGNMENT,,,,,,,,,,,,,,8,96
ASSIGNMENT,,,,,,,,,,,,,,8,246
ASSIGNMENT,,,,,,,,,,,,,,9,142
ASSIGNMENT,,,,,,,,,,,,,,10,37
ASSIGNMENT,,,,,,,,,,,,,,10,32
ASSIGNMENT,,,,,,,,,,,,,,10,11
ASSIGNMENT,,,,,,,,,,,,,,11,147
ASSIGNMENT,,,,,,,,,,,,,,12,101
ASSIGNMENT,,,,,,,,,,,,,,12,138
ASSIGNMENT,,,,,,,,,,,,,,12,141
ASSIGNMENT,,,,,,,,,,,,,,13,79
ASSIGNMENT,,,,,,,,,,,,,,14,192
ASSIGNMENT,,,,,,,,,,,,,,15,232
ASSIGNMENT,,,,,,,,,,,,,,15,186
ASSIGNMENT,,,,,,,,,,,,,,15,89
ASSIGNMENT,,,,,,,,,,,,,,16,106
ASSIGNMENT,,,,,,,,,,,,,,17,218
ASSIGNMENT,,,,,,,,,,,,,,17,132
ASSIGNMENT,,,,,,,,,,,,,,17,37
ASSIGNMENT,,,,,,,,,,,,,,18,48
ASSIGNMENT,,,,,,,,,,,,,,19,158
ASSIGNMENT,,,,,,,,,,,,,,20,50
ASSIGNMENT,,,,,,,,,,,,,,20,30
ASSIGNMENT,,,,,,,,,,,,,,21,172
ASSIGNMENT,,,,,,,,,,,,,,22,219
ASSIGNMENT,,,,,,,,,,,,,,22,14
ASSIGNMENT,,,,,,,,,,,,,,22,218
ASSIGNMENT,,,,,,,,,,,,,,23,119
ASSIGNMENT,,,,,,,,,,,,,,23,166
ASSIGNMENT,,,,,,,,,,,,,,23,141
ASSIGNMENT,,,,,,,,,,,,,,24,75
ASSIGNMENT,,,,,,,,,,,,,,25,18
ASSIGNMENT,,,,,,,,,,,,,,25,65
ASSIGNMENT,,,,,,,,,,,,,,25,26
ASSIGNMENT,,,,,,,,,,,,,,26,186
ASSIGNMENT,,,,,,,,,,,,,,27,125
ASSIGNMENT,,,,,,,,,,,,,,27,244
ASSIGNMENT,,,,,,,,,,,,,,27,85
ASSIGNMENT,,,,,,,,,,,,,,28,33
ASSIGNMENT,,,,,,,,,,,,,,28,172
ASSIGNMENT,,,,,,,,,,,,,,29,61
ASSIGNMENT,,,,,,,,,,,,,,29,26
ASSIGNMENT,,,,,,,,,,,,,,29,73
ASSIGNMENT,,,,,,,,,,,,,,30,18
ASSIGNMENT,,,,,,,,,,,,,,30,231
ASSIGNMENT,,,,,,,,,,,,,,30,50
ASSIGNMENT,,,,,,,,,,,,,,31,125
ASSIGNMENT,,,,,,,,,,,,,,31,116
ASSIGNMENT,,,,,,,,,,,,,,32,158
ASSIGNMENT,,,,,,,,,,,,,,32,169
ASSIGNMENT,,,,,,,,,,,,,,33,178
ASSIGNMENT,,,,,,,,,,,,,,33,150
ASSIGNMENT,,,,,,,,,,,,,,34,145
ASSIGNMENT,,,,,,,,,,,,,,35,94
ASSIGNMENT,,,,,,,,,,,,,,35,207
ASSIGNMENT,,,,,,,,,,,,,,35,81
ASSIGNMENT,,,,,,,,,,,,,,36,44
ASSIGNMENT,,,,,,,,,,,,,,36,2
ASSIGNMENT,,,,,,,,,,,,,,37,64
ASSIGNMENT,,,,,,,,,,,,,,37,202
ASSIGNMENT,,,,,,,,,,,,,,38,183
ASSIGNMENT,,,,,,,,,,,,,,39,165
ASSIGNMENT,,,,,,,,,,,,,,39,112
ASSIGNMENT,,,,,,,,,,,,,,39,71
ASSIGNMENT,,,,,,,,,,,,,,40,35
ASSIGNMENT,,,,,,,,,,,,,,40,174
ASSIGNMENT,,,,,,,,,,,,,,41,85
ASSIGNMENT,,,,,,,,,,,,,,41,225
ASSIGNMENT,,,,,,,,,,,,,,41,123
ASSIGNMENT,,,,,,,,,,,,,,42,115
ASSIGNMENT,,,,,,,,,,,,,,42,92
ASSIGNMENT,,,,,,,,,,,,,,43,125
ASSIGNMENT,,,,,,,,,,,,,,43,142
ASSIGNMENT,,,,,,,,,,,,,,44,45
ASSIGNMENT,,,,,,,,,,,,,,45,156
ASSIGNMENT,,,,,,,,,,,,,,45,21
ASSIGNMENT,,,,,,,,,,,,,,45,216
ASSIGNMENT,,,,,,,,,,,,,,46,220
ASSIGNMENT,,,,,,,,,,,,,,46,212
ASSIGNMENT,,,,,,,,,,,,,,47,229
ASSIGNMENT,,,,,,,,,,,,,,48,51
ASSIGNMENT,,,,,,,,,,,,,,48,68
ASSIGNMENT,,,,,,,,,,,,,,48,188
ASSIGNMENT,,,,,,,,,,,,,,49,20
ASSIGNMENT,,,,,,,,,,,,,,49,187
ASSIGNMENT,,,,,,,,,,,,,,49,229
ASSIGNMENT,,,,,,,,,,,,,,50,218
ASSIGNMENT,,,,,,,,,,,,,,51,162
ASSIGNMENT,,,,,,,,,,,,,,51,8
ASSIGNMENT,,,,,,,,,,,,,,51,209
ASSIGNMENT,,,,,,,,,,,,,,52,149
ASSIGNMENT,,,,,,,,,,,,,,52,104
ASSIGNMENT,,,,,,,,,,,,,,52,197
ASSIGNMENT,,,,,,,,,,,,,,53,55
ASSIGNMENT,,,,,,,,,,,,,,53,233
ASSIGNMENT,,,,,,,,,,,,,,53,10
ASSIGNMENT,,,,,,,,,,,,,,54,67
ASSIGNMENT,,,,,,,,,,,,,,54,140
ASSIGNMENT,,,,,,,,,,,,,,54,229
ASSIGNMENT,,,,,,,,,,,,,,55,121
ASSIGNMENT,,,,,,,,,,,,,,55,168
ASSIGNMENT,,,,,,,,,,,,,,55,199
ASSIGNMENT,,,,,,,,,,,,,,56,94
ASSIGNMENT,,,,,,,,,,,,,,57,58
ASSIGNMENT,,,,,,,,,,,,,,57,229
ASSIGNMENT,,,,,,,,,,,,,,58,188
ASSIGNMENT,,,,,,,,,,,,,,58,220
ASSIGNMENT,,,,,,,,,,,,,,58,75
ASSIGNMENT,,,,,,,,,,,,,,59,119
ASSIGNMENT,,,,,,,,,,,,,,60,131
ASSIGNMENT,,,,,,,,,,,,,,60,24
ASSIGNMENT,,,,,,,,,,,,,,60,102
ASSIGNMENT,,,,,,,,,,,,,,61,129
ASSIGNMENT,,,,,,,,,,,,,,61,3
ASSIGNMENT,,,,,,,,,,,,,,62,62
ASSIGNMENT,,,,,,,,,,,,,,62,218
ASSIGNMENT,,,,,,,,,,,,,,62,247
ASSIGNMENT,,,,,,,,,,,,,,63,176
ASSIGNMENT,,,,,,,,,,,,,,63,43
ASSIGNMENT,,,,,,,,,,,,,,63,194
ASSIGNMENT,,,,,,,,,,,,,,64,36
ASSIGNMENT,,,,,,,,,,,,,,64,115
ASSIGNMENT,,,,,,,,,,,,,,64,41
ASSIGNMENT,,,,,,,,,,,,,,65,145
ASSIGNMENT,,,,,,,,,,,,,,66,169
ASSIGNMENT,,,,,,,,,,,,,,66,224
ASSIGNMENT,,,,,,,,,,,,,,66,248
ASSIGNMENT,,,,,,,,,,,,,,67,189
ASSIGNMENT,,,,,,,,,,,,,,68,124
ASSIGNMENT,,,,,,,,,,,,,,68,241
ASSIGNMENT,,,,,,,,,,,,,,68,92
ASSIGNMENT,,,,,,,,,,,,,,69,57
ASSIGNMENT,,,,,,,,,,,,,,70,60
ASSIGNMENT,,,,,,,,,,,,,,70,17
ASSIGNMENT,,,,,,,,,,,,,,71,95
ASSIGNMENT,,,,,,,,,,,,,,71,60
ASSIGNMENT,,,,,,,,,,,,,,72,172
ASSIGNMENT,,,,,,,,,,,,,,73,133
ASSIGNMENT,,,,,,,,,,,,,,74,100
ASSIGNMENT,,,,,,,,,,,,,,74,121
ASSIGNMENT,,,,,,,,,,,,,,75,226
ASSIGNMENT,,,,,,,,,,,,,,75,12
ASSIGNMENT,,,,,,,,,,,,,,76,167
ASSIGNMENT,,,,,,,,,,,,,,77,27
ASSIGNMENT,,,,,,,,,,,,,,77,181
ASSIGNMENT,,,,,,,,,,,,,,78,163
ASSIGNMENT,,,,,,,,,,,,,,78,213
ASSIGNMENT,,,,,,,,,,,,,,78,71
ASSIGNMENT,,,,,,,,,,,,,,79,68
ASSIGNMENT,,,,,,,,,,,,,,79,149
ASSIGNMENT,,,,,,,,,,,,,,79,140
ASSIGNMENT,,,,,,,,,,,,,,80,45
ASSIGNMENT,,,,,,,,,,,,,,80,97
ASSIGNMENT,,,,,,,,,,,,,,80,168
ASSIGNMENT,,,,,,,,,,,,,,81,94
ASSIGNMENT,,,,,,,,,,,,,,81,151
ASSIGNMENT,,,,,,,,,,,,,,82,230
ASSIGNMENT,,,,,,,,,,,,,,82,214
ASSIGNMENT,,,,,,,,,,,,,,82,20
ASSIGNMENT,,,,,,,,,,,,,,83,65
ASSIGNMENT,,,,,,,,,,,,,,83,97
ASSIGNMENT,,,,,,,,,,,,,,83,250
ASSIGNMENT,,,,,,,,,,,,,,84,133
ASSIGNMENT,,,,,,,,,,,,,,85,91
ASSIGNMENT,,,,,,,,,,,,,,85,210
ASSIGNMENT,,,,,,,,,,,,,,86,125
ASSIGNMENT,,,,,,,,,,,,,,86,203
ASSIGNMENT,,,,,,,,,,,,,,87,228
ASSIGNMENT,,,,,,,,,,,,,,87,155
ASSIGNMENT,,,,,,,,,,,,,,88,129
ASSIGNMENT,,,,,,,,,,,,,,89,113
ASSIGNMENT,,,,,,,,,,,,,,90,59
ASSIGNMENT,,,,,,,,,,,,,,91,132
ASSIGNMENT,,,,,,,,,,,,,,92,72
ASSIGNMENT,,,,,,,,,,,,,,92,55
ASSIGNMENT,,,,,,,,,,,,,,92,39
ASSIGNMENT,,,,,,,,,,,,,,93,41
ASSIGNMENT,,,,,,,,,,,,,,94,155
ASSIGNMENT,,,,,,,,,,,,,,94,184
ASSIGNMENT,,,,,,,,,,,,,,95,170
ASSIGNMENT,,,,,,,,,,,,,,96,107
ASSIGNMENT,,,,,,,,,,,,,,97,185
ASSIGNMENT,,,,,,,,,,,,,,97,30
ASSIGNMENT,,,,,,,,,,,,,,98,173
ASSIGNMENT,,,,,,,,,,,,,,98,123
ASSIGNMENT,,,,,,,,,,,,,,99,54
ASSIGNMENT,,,,,,,,,,,,,,99,152
ASSIGNMENT,,,,,,,,,,,,,,100,166
ASSIGNMENT,,,,,,,,,,,,,,101,6
ASSIGNMENT,,,,,,,,,,,,,,101,63
ASSIGNMENT,,,,,,,,,,,,,,102,33
ASSIGNMENT,,,,,,,,,,,,,,103,152
ASSIGNMENT,,,,,,,,,,,,,,103,42
ASSIGNMENT,,,,,,,,,,,,,,103,35
ASSIGNMENT,,,,,,,,,,,,,,104,132
ASSIGNMENT,,,,,,,,,,,,,,104,11
ASSIGNMENT,,,,,,,,,,,,,,104,229
ASSIGNMENT,,,,,,,,,,,,,,105,38
ASSIGNMENT,,,,,,,,,,,,,,105,15
ASSIGNMENT,,,,,,,,,,,,,,105,43
ASSIGNMENT,,,,,,,,,,,,,,106,237
ASSIGNMENT,,,,,,,,,,,,,,106,47
ASSIGNMENT,,,,,,,,,,,,,,107,246
ASSIGNMENT,,,,,,,,,,,,,,107,104
ASSIGNMENT,,,,,,,,,,,,,,107,154
ASSIGNMENT,,,,,,,,,,,,,,108,164
ASSIGNMENT,,,,,,,,,,,,,,108,5
ASSIGNMENT,,,,,,,,,,,,,,108,225
ASSIGNMENT,,,,,,,,,,,,,,109,187
ASSIGNMENT,,,,,,,,,,,,,,109,170
ASSIGNMENT,,,,,,,,,,,,,,109,211
ASSIGNMENT,,,,,,,,,,,,,,110,243
ASSIGNMENT,,,,,,,,,,,,,,110,22
ASSIGNMENT,,,,,,,,,,,,,,111,115
ASSIGNMENT,,,,,,,,,,,,,,112,121
ASSIGNMENT,,,,,,,,,,,,,,112,223
ASSIGNMENT,,,,,,,,,,,,,,112,124
ASSIGNMENT,,,,,,,,,,,,,,113,57
ASSIGNMENT,,,,,,,,,,,,,,114,154
ASSIGNMENT,,,,,,,,,,,,,,114,37
ASSIGNMENT,,,,,,,,,,,,,,115,211
ASSIGNMENT,,,,,,,,,,,,,,115,197
ASSIGNMENT,,,,,,,,,,,,,,115,47
ASSIGNMENT,,,,,,,,,,,,,,116,169
ASSIGNMENT,,,,,,,,,,,,,,116,131
ASSIGNMENT,,,,,,,,,,,,,,116,68
ASSIGNMENT,,,,,,,,,,,,,,117,186
ASSIGNMENT,,,,,,,,,,,,,,118,88
ASSIGNMENT,,,,,,,,,,,,,,118,237
ASSIGNMENT,,,,,,,,,,,,,,118,117
ASSIGNMENT,,,,,,,,,,,,,,119,152
ASSIGNMENT,,,,,,,,,,,,,,119,18
ASSIGNMENT,,,,,,,,,,,,,,119,59
ASSIGNMENT,,,,,,,,,,,,,,120,99
ASSIGNMENT,,,,,,,,,,,,,,120,34
ASSIGNMENT,,,,,,,,,,,,,,121,5
ASSIGNMENT,,,,,,,,,,,,,,122,134
ASSIGNMENT,,,,,,,,,,,,,,123,176
ASSIGNMENT,,,,,,,,,,,,,,123,108
ASSIGNMENT,,,,,,,,,,,,,,123,212
ASSIGNMENT,,,,,,,,,,,,,,124,156
ASSIGNMENT,,,,,,,,,,,,,,125,46
ASSIGNMENT,,,,,,,,,,,,,,126,231
ASSIGNMENT,,,,,,,,,,,,,,126,158
ASSIGNMENT,,,,,,,,,,,,,,127,10
ASSIGNMENT,,,,,,,,,,,,,,127,225
ASSIGNMENT,,,,,,,,,,,,,,127,201
ASSIGNMENT,,,,,,,,,,,,,,128,129
ASSIGNMENT,,,,,,,,,,,,,,128,193
ASSIGNMENT,,,,,,,,,,,,,,128,31
ASSIGNMENT,,,,,,,,,,,,,,129,124
ASSIGNMENT,,,,,,,,,,,,,,130,34
ASSIGNMENT,,,,,,,,,,,,,,130,231
ASSIGNMENT,,,,,,,,,,,,,,130,155
ASSIGNMENT,,,,,,,,,,,,,,131,212
ASSIGNMENT,,,,,,,,,,,,,,131,1
ASSIGNMENT,,,,,,,,,,,,,,131,230
ASSIGNMENT,,,,,,,,,,,,,,132,167
ASSIGNMENT,,,,,,,,,,,,,,132,111
ASSIGNMENT,,,,,,,,,,,,,,132,134
ASSIGNMENT,,,,,,,,,,,,,,133,95
ASSIGNMENT,,,,,,,,,,,,,,133,224
ASSIGNMENT,,,,,,,,,,,,,,134,179
ASSIGNMENT,,,,,,,,,,,,,,135,110
ASSIGNMENT,,,,,,,,,,,,,,135,59
ASSIGNMENT,,,,,,,,,,,,,,135,241
ASSIGNMENT,,,,,,,,,,,,,,136,203
ASSIGNMENT,,,,,,,,,,,,,,136,197
ASSIGNMENT,,,,,,,,,,,,,,137,90
ASSIGNMENT,,,,,,,,,,,,,,137,151
ASSIGNMENT,,,,,,,,,,,,,,138,233
ASSIGNMENT,,,,,,,,,,,,,,138,195
ASSIGNMENT,,,,,,,,,,,,,,138,215
ASSIGNMENT,,,,,,,,,,,,,,139,148
ASSIGNMENT,,,,,,,,,,,,,,139,26
ASSIGNMENT,,,,,,,,,,,,,,139,109
ASSIGNMENT,,,,,,,,,,,,,,140,66
ASSIGNMENT,,,,,,,,,,,,,,141,197
ASSIGNMENT,,,,,,,,,,,,,,141,60
ASSIGNMENT,,,,,,,,,,,,,,142,73
ASSIGNMENT,,,,,,,,,,,,,,143,225
ASSIGNMENT,,,,,,,,,,,,,,143,140
ASSIGNMENT,,,,,,,,,,,,,,143,105
ASSIGNMENT,,,,,,,,,,,,,,144,49
ASSIGNMENT,,,,,,,,,,,,,,144,2
ASSIGNMENT,,,,,,,,,,,,,,145,191
ASSIGNMENT,,,,,,,,,,,,,,145,203
ASSIGNMENT,,,,,,,,,,,,,,145,2
ASSIGNMENT,,,,,,,,,,,,,,146,134
ASSIGNMENT,,,,,,,,,,,,,,146,31
ASSIGNMENT,,,,,,,,,,,,,,146,2
ASSIGNMENT,,,,,,,,,,,,,,147,168
ASSIGNMENT,,,,,,,,,,,,,,147,53
ASSIGNMENT,,,,,,,,,,,,,,148,206
ASSIGNMENT,,,,,,,,,,,,,,148,81
ASSIGNMENT,,,,,,,,,,,,,,148,105
ASSIGNMENT,,,,,,,,,,,,,,149,28
ASSIGNMENT,,,,,,,,,,,,,,149,40
ASSIGNMENT,,,,,,,,,,,,,,150,167
ASSIGNMENT,,,,,,,,,,,,,,150,150
ASSIGNMENT,,,,,,,,,,,,,,151,67
ASSIGNMENT,,,,,,,,,,,,,,151,219
ASSIGNMENT,,,,,,,,,,,,,,152,109
ASSIGNMENT,,,,,,,,,,,,,,152,145
ASSIGNMENT,,,,,,,,,,,,,,152,94
ASSIGNMENT,,,,,,,,,,,,,,153,71
ASSIGNMENT,,,,,,,,,,,,,,153,175
ASSIGNMENT,,,,,,,,,,,,,,153,102
ASSIGNMENT,,,,,,,,,,,,,,154,106
ASSIGNMENT,,,,,,,,,,,,,,155,201
ASSIGNMENT,,,,,,,,,,,,,,155,143
ASSIGNMENT,,,,,,,,,,,,,,155,124
ASSIGNMENT,,,,,,,,,,,,,,156,95
ASSIGNMENT,,,,,,,,,,,,,,157,143
ASSIGNMENT,,,,,,,,,,,,,,157,124
ASSIGNMENT,,,,,,,,,,,,,,157,65
ASSIGNMENT,,,,,,,,,,,,,,158,148
ASSIGNMENT,,,,,,,,,,,,,,158,89
ASSIGNMENT,,,,,,,,,,,,,,159,102
ASSIGNMENT,,,,,,,,,,,,,,159,189
ASSIGNMENT,,,,,,,,,,,,,,159,36
ASSIGNMENT,,,,,,,,,,,,,,160,31
ASSIGNMENT,,,,,,,,,,,,,,160,192
ASSIGNMENT,,,,,,,,,,,,,,160,59
ASSIGNMENT,,,,,,,,,,,,,,161,201
ASSIGNMENT,,,,,,,,,,,,,,161,180
ASSIGNMENT,,,,,,,,,,,,,,162,26
ASSIGNMENT,,,,,,,,,,,,,,163,131
ASSIGNMENT,,,,,,,,,,,,,,164,202
ASSIGNMENT,,,,,,,,,,,,,,164,87
ASSIGNMENT,,,,,,,,,,,,,,165,158
ASSIGNMENT,,,,,,,,,,,,,,165,179
ASSIGNMENT,,,,,,,,,,,,,,165,176
ASSIGNMENT,,,,,,,,,,,,,,166,14
ASSIGNMENT,,,,,,,,,,,,,,166,42
ASSIGNMENT,,,,,,,,,,,,,,166,100
ASSIGNMENT,,,,,,,,,,,,,,167,2
ASSIGNMENT,,,,,,,,,,,,,,167,206
ASSIGNMENT,,,,,,,,,,,,,,167,24
ASSIGNMENT,,,,,,,,,,,,,,168,121
ASSIGNMENT,,,,,,,,,,,,,,169,112
ASSIGNMENT,,,,,,,,,,,,,,169,23
ASSIGNMENT,,,,,,,,,,,,,,169,17
ASSIGNMENT,,,,,,,,,,,,,,170,57
ASSIGNMENT,,,,,,,,,,,,,,170,95
ASSIGNMENT,,,,,,,,,,,,,,171,156
ASSIGNMENT,,,,,,,,,,,,,,172,186
ASSIGNMENT,,,,,,,,,,,,,,173,239
ASSIGNMENT,,,,,,,,,,,,,,173,103
ASSIGNMENT,,,,,,,,,,,,,,174,168
ASSIGNMENT,,,,,,,,,,,,,,174,134
ASSIGNMENT,,,,,,,,,,,,,,174,74
ASSIGNMENT,,,,,,,,,,,,,,175,247
ASSIGNMENT,,,,,,,,,,,,,,175,153
ASSIGNMENT,,,,,,,,,,,,,,175,15
ASSIGNMENT,,,,,,,,,,,,,,176,164
ASSIGNMENT,,,,,,,,,,,,,,177,113
ASSIGNMENT,,,,,,,,,,,,,,177,3
ASSIGNMENT,,,,,,,,,,,,,,178,218
ASSIGNMENT,,,,,,,,,,,,,,179,239
ASSIGNMENT,,,,,,,,,,,,,,179,206
ASSIGNMENT,,,,,,,,,,,,,,179,133
ASSIGNMENT,,,,,,,,,,,,,,180,50
ASSIGNMENT,,,,,,,,,,,,,,180,9
ASSIGNMENT,,,,,,,,,,,,,,181,131
ASSIGNMENT,,,,,,,,,,,,,,181,133
ASSIGNMENT,,,,,,,,,,,,,,181,179
ASSIGNMENT,,,,,,,,,,,,,,182,158
ASSIGNMENT,,,,,,,,,,,,,,183,173
ASSIGNMENT,,,,,,,,,,,,,,184,93
ASSIGNMENT,,,,,,,,,,,,,,185,168
ASSIGNMENT,,,,,,,,,,,,,,186,250
ASSIGNMENT,,,,,,,,,,,,,,187,23
ASSIGNMENT,,,,,,,,,,,,,,188,200
ASSIGNMENT,,,,,,,,,,,,,,188,103
ASSIGNMENT,,,,,,,,,,,,,,189,172
ASSIGNMENT,,,,,,,,,,,,,,189,102
ASSIGNMENT,,,,,,,,,,,,,,190,151
ASSIGNMENT,,,,,,,,,,,,,,190,52
ASSIGNMENT,,,,,,,,,,,,,,191,4
ASSIGNMENT,,,,,,,,,,,,,,191,189
ASSIGNMENT,,,,,,,,,,,,,,191,181
ASSIGNMENT,,,,,,,,,,,,,,192,236
ASSIGNMENT,,,,,,,,,,,,,,193,141
ASSIGNMENT,,,,,,,,,,,,,,194,186
ASSIGNMENT,,,,,,,,,,,,,,194,213
ASSIGNMENT,,,,,,,,,,,,,,195,235
ASSIGNMENT,,,,,,,,,,,,,,195,150
ASSIGNMENT,,,,,,,,,,,,,,195,90
ASSIGNMENT,,,,,,,,,,,,,,196,247
ASSIGNMENT,,,,,,,,,,,,,,196,209
ASSIGNMENT,,,,,,,,,,,,,,197,58
ASSIGNMENT,,,,,,,,,,,,,,197,156
ASSIGNMENT,,,,,,,,,,,,,,198,117
ASSIGNMENT,,,,,,,,,,,,,,199,148
ASSIGNMENT,,,,,,,,,,,,,,199,2
ASSIGNMENT,,,,,,,,,,,,,,200,45
ASSIGNMENT,,,,,,,,,,,,,,200,105
ASSIGNMENT,,,,,,,,,,,,,,201,28
ASSIGNMENT,,,,,,,,,,,,,,201,144
ASSIGNMENT,,,,,,,,,,,,,,201,19
ASSIGNMENT,,,,,,,,,,,,,,202,76
ASSIGNMENT,,,,,,,,,,,,,,202,88
ASSIGNMENT,,,,,,,,,,,,,,202,243
ASSIGNMENT,,,,,,,,,,,,,,203,206
ASSIGNMENT,,,,,,,,,,,,,,204,245
ASSIGNMENT,,,,,,,,,,,,,,204,66
ASSIGNMENT,,,,,,,,,,,,,,204,225
ASSIGNMENT,,,,,,,,,,,,,,205,209
ASSIGNMENT,,,,,,,,,,,,,,205,204
ASSIGNMENT,,,,,,,,,,,,,,205,148
ASSIGNMENT,,,,,,,,,,,,,,206,178
ASSIGNMENT,,,,,,,,,,,,,,206,114
ASSIGNMENT,,,,,,,,,,,,,,207,145
ASSIGNMENT,,,,,,,,,,,,,,207,124
ASSIGNMENT,,,,,,,,,,,,,,208,194
ASSIGNMENT,,,,,,,,,,,,,,209,247
ASSIGNMENT,,,,,,,,,,,,,,209,199
ASSIGNMENT,,,,,,,,,,,,,,210,175
ASSIGNMENT,,,,,,,,,,,,,,210,118
ASSIGNMENT,,,,,,,,,,,,,,211,221
ASSIGNMENT,,,,,,,,,,,,,,211,8
ASSIGNMENT,,,,,,,,,,,,,,211,124
ASSIGNMENT,,,,,,,,,,,,,,212,67
ASSIGNMENT,,,,,,,,,,,,,,213,98
ASSIGNMENT,,,,,,,,,,,,,,214,202
ASSIGNMENT,,,,,,,,,,,,,,214,57
ASSIGNMENT,,,,,,,,,,,,,,214,174
ASSIGNMENT,,,,,,,,,,,,,,215,59
ASSIGNMENT,,,,,,,,,,,,,,215,205
ASSIGNMENT,,,,,,,,,,,,,,215,81
ASSIGNMENT,,,,,,,,,,,,,,216,245
ASSIGNMENT,,,,,,,,,,,,,,216,91
ASSIGNMENT,,,,,,,,,,,,,,217,138
ASSIGNMENT,,,,,,,,,,,,,,217,3
ASSIGNMENT,,,,,,,,,,,,,,217,180
ASSIGNMENT,,,,,,,,,,,,,,218,64
ASSIGNMENT,,,,,,,,,,,,,,218,74
ASSIGNMENT,,,,,,,,,,,,,,219,103
ASSIGNMENT,,,,,,,,,,,,,,220,192
ASSIGNMENT,,,,,,,,,,,,,,220,211
ASSIGNMENT,,,,,,,,,,,,,,220,88
ASSIGNMENT,,,,,,,,,,,,,,221,142
ASSIGNMENT,,,,,,,,,,,,,,222,122
ASSIGNMENT,,,,,,,,,,,,,,223,91
ASSIGNMENT,,,,,,,,,,,,,,223,56
ASSIGNMENT,,,,,,,,,,,,,,224,69
ASSIGNMENT,,,,,,,,,,,,,,224,47
ASSIGNMENT,,,,,,,,,,,,,,224,243
ASSIGNMENT,,,,,,,,,,,,,,225,175
ASSIGNMENT,,,,,,,,,,,,,,225,239
ASSIGNMENT,,,,,,,,,,,,,,225,233
ASSIGNMENT,,,,,,,,,,,,,,226,128
ASSIGNMENT,,,,,,,,,,,,,,227,52
ASSIGNMENT,,,,,,,,,,,,,,227,61
ASSIGNMENT,,,,,,,,,,,,,,227,189
ASSIGNMENT,,,,,,,,,,,,,,228,224
ASSIGNMENT,,,,,,,,,,,,,,229,53
ASSIGNMENT,,,,,,,,,,,,,,229,59
ASSIGNMENT,,,,,,,,,,,,,,230,214
ASSIGNMENT,,,,,,,,,,,,,,231,215
ASSIGNMENT,,,,,,,,,,,,,,232,92
ASSIGNMENT,,,,,,,,,,,,,,232,40
ASSIGNMENT,,,,,,,,,,,,,,232,200
ASSIGNMENT,,,,,,,,,,,,,,233,31
ASSIGNMENT,,,,,,,,,,,,,,234,174
ASSIGNMENT,,,,,,,,,,,,,,235,127
ASSIGNMENT,,,,,,,,,,,,,,235,158
ASSIGNMENT,,,,,,,,,,,,,,235,2
ASSIGNMENT,,,,,,,,,,,,,,236,246
ASSIGNMENT,,,,,,,,,,,,,,236,11
ASSIGNMENT,,,,,,,,,,,,,,236,218
ASSIGNMENT,,,,,,,,,,,,,,237,96
ASSIGNMENT,,,,,,,,,,,,,,237,159
ASSIGNMENT,,,,,,,,,,,,,,238,127
ASSIGNMENT,,,,,,,,,,,,,,238,230
ASSIGNMENT,,,,,,,,,,,,,,239,223
ASSIGNMENT,,,,,,,,,,,,,,239,71
ASSIGNMENT,,,,,,,,,,,,,,239,126
ASSIGNMENT,,,,,,,,,,,,,,240,196
ASSIGNMENT,,,,,,,,,,,,,,241,72
ASSIGNMENT,,,,,,,,,,,,,,241,102
ASSIGNMENT,,,,,,,,,,,,,,241,57
ASSIGNMENT,,,,,,,,,,,,,,242,33
ASSIGNMENT,,,,,,,,,,,,,,242,14
ASSIGNMENT,,,,,,,,,,,,,,242,135
ASSIGNMENT,,,,,,,,,,,,,,243,123
ASSIGNMENT,,,,,,,,,,,,,,243,241
ASSIGNMENT,,,,,,,,,,,,,,244,9
ASSIGNMENT,,,,,,,,,,,,,,244,129
ASSIGNMENT,,,,,,,,,,,,,,244,89
ASSIGNMENT,,,,,,,,,,,,,,245,221
ASSIGNMENT,,,,,,,,,,,,,,245,176
ASSIGNMENT,,,,,,,,,,,,,,246,118
ASSIGNMENT,,,,,,,,,,,,,,247,179
ASSIGNMENT,,,,,,,,,,,,,,248,118
ASSIGNMENT,,,,,,,,,,,,,,248,81
ASSIGNMENT,,,,,,,,,,,,,,248,177
ASSIGNMENT,,,,,,,,,,,,,,249,4
ASSIGNMENT,,,,,,,,,,,,,,250,54
ASSIGNMENT,,,,,,,,,,,,,,250,98
ASSIGNMENT,,,,,,,,,,,,,,250,149
ASSIGNMENT,,,,,,,,,,,,,,251,84
ASSIGNMENT,,,,,,,,,,,,,,252,157
ASSIGNMENT,,,,,,,,,,,,,,252,221
ASSIGNMENT,,,,,,,,,,,,,,253,48
ASSIGNMENT,,,,,,,,,,,,,,253,141
ASSIGNMENT,,,,,,,,,,,,,,254,61
ASSIGNMENT,,,,,,,,,,,,,,254,69
ASSIGNMENT,,,,,,,,,,,,,,255,246
ASSIGNMENT,,,,,,,,,,,,,,255,157
ASSIGNMENT,,,,,,,,,,,,,,256,94
ASSIGNMENT,,,,,,,,,,,,,,256,48
ASSIGNMENT,,,,,,,,,,,,,,257,109
ASSIGNMENT,,,,,,,,,,,,,,257,54
ASSIGNMENT,,,,,,,,,,,,,,258,180
ASSIGNMENT,,,,,,,,,,,,,,258,193
ASSIGNMENT,,,,,,,,,,,,,,259,94
ASSIGNMENT,,,,,,,,,,,,,,259,219
ASSIGNMENT,,,,,,,,,,,,,,260,72
ASSIGNMENT,,,,,,,,,,,,,,260,116
ASSIGNMENT,,,,,,,,,,,,,,261,147
ASSIGNMENT,,,,,,,,,,,,,,262,148
ASSIGNMENT,,,,,,,,,,,,,,263,59
ASSIGNMENT,,,,,,,,,,,,,,263,209
ASSIGNMENT,,,,,,,,,,,,,,263,26
ASSIGNMENT,,,,,,,,,,,,,,264,70
ASSIGNMENT,,,,,,,,,,,,,,264,206
ASSIGNMENT,,,,,,,,,,,,,,264,61
ASSIGNMENT,,,,,,,,,,,,,,265,111
ASSIGNMENT,,,,,,,,,,,,,,265,220
ASSIGNMENT,,,,,,,,,,,,,,265,98
ASSIGNMENT,,,,,,,,,,,,,,266,38
ASSIGNMENT,,,,,,,,,,,,,,267,39
ASSIGNMENT,,,,,,,,,,,,,,267,122
ASSIGNMENT,,,,,,,,,,,,,,267,207
ASSIGNMENT,,,,,,,,,,,,,,268,46
ASSIGNMENT,,,,,,,,,,,,,,269,128
ASSIGNMENT,,,,,,,,,,,,,,269,35
ASSIGNMENT,,,,,,,,,,,,,,270,133
ASSIGNMENT,,,,,,,,,,,,,,270,137
ASSIGNMENT,,,,,,,,,,,,,,270,185
ASSIGNMENT,,,,,,,,,,,,,,271,202
ASSIGNMENT,,,,,,,,,,,,,,271,125
ASSIGNMENT,,,,,,,,,,,,,,272,65
ASSIGNMENT,,,,,,,,,,,,,,272,144
ASSIGNMENT,,,,,,,,,,,,,,273,13
ASSIGNMENT,,,,,,,,,,,,,,273,102
ASSIGNMENT,,,,,,,,,,,,,,273,26
ASSIGNMENT,,,,,,,,,,,,,,274,42
ASSIGNMENT,,,,,,,,,,,,,,274,16
ASSIGNMENT,,,,,,,,,,,,,,274,56
ASSIGNMENT,,,,,,,,,,,,,,275,122
ASSIGNMENT,,,,,,,,,,,,,,275,215
ASSIGNMENT,,,,,,,,,,,,,,276,25
ASSIGNMENT,,,,,,,,,,,,,,276,116
ASSIGNMENT,,,,,,,,,,,,,,276,191
ASSIGNMENT,,,,,,,,,,,,,,277,67
ASSIGNMENT,,,,,,,,,,,,,,277,93
ASSIGNMENT,,,,,,,,,,,,,,278,144
ASSIGNMENT,,,,,,,,,,,,,,278,143
ASSIGNMENT,,,,,,,,,,,,,,279,89
ASSIGNMENT,,,,,,,,,,,,,,279,6
ASSIGNMENT,,,,,,,,,,,,,,280,32
ASSIGNMENT,,,,,,,,,,,,,,280,90
ASSIGNMENT,,,,,,,,,,,,,,281,247
ASSIGNMENT,,,,,,,,,,,,,,281,156
ASSIGNMENT,,,,,,,,,,,,,,281,51
ASSIGNMENT,,,,,,,,,,,,,,282,148
ASSIGNMENT,,,,,,,,,,,,,,282,167
ASSIGNMENT,,,,,,,,,,,,,,282,138
ASSIGNMENT,,,,,,,,,,,,,,283,200
ASSIGNMENT,,,,,,,,,,,,,,284,91
ASSIGNMENT,,,,,,,,,,,,,,284,84
ASSIGNMENT,,,,,,,,,,,,,,285,131
ASSIGNMENT,,,,,,,,,,,,,,285,125
ASSIGNMENT,,,,,,,,,,,,,,285,199
ASSIGNMENT,,,,,,,,,,,,,,286,115
ASSIGNMENT,,,,,,,,,,,,,,286,228
ASSIGNMENT,,,,,,,,,,,,,,286,21
ASSIGNMENT,,,,,,,,,,,,,,287,158
ASSIGNMENT,,,,,,,,,,,,,,287,74
ASSIGNMENT,,,,,,,,,,,,,,288,162
ASSIGNMENT,,,,,,,,,,,,,,288,245
ASSIGNMENT,,,,,,,,,,,,,,289,223
ASSIGNMENT,,,,,,,,,,,,,,290,164
ASSIGNMENT,,,,,,,,,,,,,,291,108
ASSIGNMENT,,,,,,,,,,,,,,291,162
ASSIGNMENT,,,,,,,,,,,,,,292,147
ASSIGNMENT,,,,,,,,,,,,,,292,104
ASSIGNMENT,,,,,,,,,,,,,,292,218
ASSIGNMENT,,,,,,,,,,,,,,293,21
ASSIGNMENT,,,,,,,,,,,,,,294,88
ASSIGNMENT,,,,,,,,,,,,,,295,81
ASSIGNMENT,,,,,,,,,,,,,,296,168
ASSIGNMENT,,,,,,,,,,,,,,296,75
ASSIGNMENT,,,,,,,,,,,,,,297,69
ASSIGNMENT,,,,,,,,,,,,,,297,155
ASSIGNMENT,,,,,,,,,,,,,,297,166
ASSIGNMENT,,,,,,,,,,,,,,298,70
ASSIGNMENT,,,,,,,,,,,,,,298,228
ASSIGNMENT,,,,,,,,,,,,,,299,200
ASSIGNMENT,,,,,,,,,,,,,,299,221
ASSIGNMENT,,,,,,,,,,,,,,300,192
ASSIGNMENT,,,,,,,,,,,,,,300,151
ASSIGNMENT,,,,,,,,,,,,,,301,248
ASSIGNMENT,,,,,,,,,,,,,,301,116
ASSIGNMENT,,,,,,,,,,,,,,301,106
ASSIGNMENT,,,,,,,,,,,,,,302,48
ASSIGNMENT,,,,,,,,,,,,,,303,33
ASSIGNMENT,,,,,,,,,,,,,,304,61
ASSIGNMENT,,,,,,,,,,,,,,304,170
ASSIGNMENT,,,,,,,,,,,,,,304,65
ASSIGNMENT,,,,,,,,,,,,,,305,180
ASSIGNMENT,,,,,,,,,,,,,,305,192
ASSIGNMENT,,,,,,,,,,,,,,305,21
ASSIGNMENT,,,,,,,,,,,,,,306,43
ASSIGNMENT,,,,,,,,,,,,,,307,27
ASSIGNMENT,,,,,,,,,,,,,,307,25
ASSIGNMENT,,,,,,,,,,,,,,308,240
ASSIGNMENT,,,,,,,,,,,,,,309,141
ASSIGNMENT,,,,,,,,,,,,,,309,14
ASSIGNMENT,,,,,,,,,,,,,,310,198
ASSIGNMENT,,,,,,,,,,,,,,311,135
ASSIGNMENT,,,,,,,,,,,,,,311,196
ASSIGNMENT,,,,,,,,,,,,,,312,27
ASSIGNMENT,,,,,,,,,,,,,,313,159
ASSIGNMENT,,,,,,,,,,,,,,313,40
ASSIGNMENT,,,,,,,,,,,,,,314,168
ASSIGNMENT,,,,,,,,,,,,,,315,80
ASSIGNMENT,,,,,,,,,,,,,,315,59
ASSIGNMENT,,,,,,,,,,,,,,316,189
ASSIGNMENT,,,,,,,,,,,,,,317,114
ASSIGNMENT,,,,,,,,,,,,,,317,161
ASSIGNMENT,,,,,,,,,,,,,,318,34
ASSIGNMENT,,,,,,,,,,,,,,319,215
ASSIGNMENT,,,,,,,,,,,,,,319,44
ASSIGNMENT,,,,,,,,,,,,,,319,8
ASSIGNMENT,,,,,,,,,,,,,,320,170
ASSIGNMENT,,,,,,,,,,,,,,321,221
ASSIGNMENT,,,,,,,,,,,,,,321,235
ASSIGNMENT,,,,,,,,,,,,,,322,222
ASSIGNMENT,,,,,,,,,,,,,,322,122
ASSIGNMENT,,,,,,,,,,,,,,323,250
ASSIGNMENT,,,,,,,,,,,,,,323,223
ASSIGNMENT,,,,,,,,,,,,,,324,240
ASSIGNMENT,,,,,,,,,,,,,,324,70
ASSIGNMENT,,,,,,,,,,,,,,324,141
ASSIGNMENT,,,,,,,,,,,,,,325,35
ASSIGNMENT,,,,,,,,,,,,,,325,249
ASSIGNMENT,,,,,,,,,,,,,,326,139
ASSIGNMENT,,,,,,,,,,,,,,326,46
ASSIGNMENT,,,,,,,,,,,,,,326,152
ASSIGNMENT,,,,,,,,,,,,,,327,117
ASSIGNMENT,,,,,,,,,,,,,,327,162
ASSIGNMENT,,,,,,,,,,,,,,327,192
ASSIGNMENT,,,,,,,,,,,,,,328,225
ASSIGNMENT,,,,,,,,,,,,,,328,145
ASSIGNMENT,,,,,,,,,,,,,,328,112
ASSIGNMENT,,,,,,,,,,,,,,329,164
ASSIGNMENT,,,,,,,,,,,,,,329,137
ASSIGNMENT,,,,,,,,,,,,,,329,80
ASSIGNMENT,,,,,,,,,,,,,,330,124
ASSIGNMENT,,,,,,,,,,,,,,330,139
ASSIGNMENT,,,,,,,,,,,,,,331,207
ASSIGNMENT,,,,,,,,,,,,,,332,114
ASSIGNMENT,,,,,,,,,,,,,,333,94
ASSIGNMENT,,,,,,,,,,,,,,333,106
ASSIGNMENT,,,,,,,,,,,,,,334,40
ASSIGNMENT,,,,,,,,,,,,,,334,78
ASSIGNMENT,,,,,,,,,,,,,,335,1
ASSIGNMENT,,,,,,,,,,,,,,336,209
ASSIGNMENT,,,,,,,,,,,,,,336,195
ASSIGNMENT,,,,,,,,,,,,,,336,218
ASSIGNMENT,,,,,,,,,,,,,,337,89
ASSIGNMENT,,,,,,,,,,,,,,338,121
ASSIGNMENT,,,,,,,,,,,,,,338,137
ASSIGNMENT,,,,,,,,,,,,,,339,177
ASSIGNMENT,,,,,,,,,,,,,,340,243
ASSIGNMENT,,,,,,,,,,,,,,340,194
ASSIGNMENT,,,,,,,,,,,,,,341,77
ASSIGNMENT,,,,,,,,,,,,,,341,3
ASSIGNMENT,,,,,,,,,,,,,,342,205
ASSIGNMENT,,,,,,,,,,,,,,342,75
ASSIGNMENT,,,,,,,,,,,,,,343,60
ASSIGNMENT,,,,,,,,,,,,,,343,204
ASSIGNMENT,,,,,,,,,,,,,,343,2
ASSIGNMENT,,,,,,,,,,,,,,344,96
ASSIGNMENT,,,,,,,,,,,,,,344,49
ASSIGNMENT,,,,,,,,,,,,,,344,106
ASSIGNMENT,,,,,,,,,,,,,,345,112
ASSIGNMENT,,,,,,,,,,,,,,345,102
ASSIGNMENT,,,,,,,,,,,,,,345,64
ASSIGNMENT,,,,,,,,,,,,,,346,184
ASSIGNMENT,,,,,,,,,,,,,,347,166
ASSIGNMENT,,,,,,,,,,,,,,347,100
ASSIGNMENT,,,,,,,,,,,,,,347,213
ASSIGNMENT,,,,,,,,,,,,,,348,57
ASSIGNMENT,,,,,,,,,,,,,,348,68
ASSIGNMENT,,,,,,,,,,,,,,349,109
ASSIGNMENT,,,,,,,,,,,,,,350,62
ASSIGNMENT,,,,,,,,,,,,,,350,133
ASSIGNMENT,,,,,,,,,,,,,,350,196
ASSIGNMENT,,,,,,,,,,,,,,351,207
ASSIGNMENT,,,,,,,,,,,,,,351,178
ASSIGNMENT,,,,,,,,,,,,,,351,176
ASSIGNMENT,,,,,,,,,,,,,,352,73
ASSIGNMENT,,,,,,,,,,,,,,352,167
ASSIGNMENT,,,,,,,,,,,,,,353,137
ASSIGNMENT,,,,,,,,,,,,,,353,208
ASSIGNMENT,,,,,,,,,,,,,,353,69
ASSIGNMENT,,,,,,,,,,,,,,354,49
ASSIGNMENT,,,,,,,,,,,,,,354,219
ASSIGNMENT,,,,,,,,,,,,,,355,47
ASSIGNMENT,,,,,,,,,,,,,,356,75
ASSIGNMENT,,,,,,,,,,,,,,357,164
ASSIGNMENT,,,,,,,,,,,,,,358,159
ASSIGNMENT,,,,,,,,,,,,,,358,116
ASSIGNMENT,,,,,,,,,,,,,,359,180
ASSIGNMENT,,,,,,,,,,,,,,359,160
ASSIGNMENT,,,,,,,,,,,,,,360,49
ASSIGNMENT,,,,,,,,,,,,,,360,83
ASSIGNMENT,,,,,,,,,,,,,,361,39
ASSIGNMENT,,,,,,,,,,,,,,362,249
ASSIGNMENT,,,,,,,,,,,,,,363,6
ASSIGNMENT,,,,,,,,,,,,,,363,48
ASSIGNMENT,,,,,,,,,,,,,,363,249
ASSIGNMENT,,,,,,,,,,,,,,364,73
ASSIGNMENT,,,,,,,,,,,,,,365,33
ASSIGNMENT,,,,,,,,,,,,,,365,184
ASSIGNMENT,,,,,,,,,,,,,,366,187
ASSIGNMENT,,,,,,,,,,,,,,366,3
ASSIGNMENT,,,,,,,,,,,,,,367,24
ASSIGNMENT,,,,,,,,,,,,,,368,4
ASSIGNMENT,,,,,,,,,,,,,,369,56
ASSIGNMENT,,,,,,,,,,,,,,369,88
ASSIGNMENT,,,,,,,,,,,,,,370,80
ASSIGNMENT,,,,,,,,,,,,,,370,202
ASSIGNMENT,,,,,,,,,,,,,,371,96
ASSIGNMENT,,,,,,,,,,,,,,371,119
ASSIGNMENT,,,,,,,,,,,,,,372,203
ASSIGNMENT,,,,,,,,,,,,,,372,9
ASSIGNMENT,,,,,,,,,,,,,,372,85
ASSIGNMENT,,,,,,,,,,,,,,373,216
ASSIGNMENT,,,,,,,,,,,,,,374,15
ASSIGNMENT,,,,,,,,,,,,,,375,199
ASSIGNMENT,,,,,,,,,,,,,,375,101
ASSIGNMENT,,,,,,,,,,,,,,376,140
ASSIGNMENT,,,,,,,,,,,,,,377,47
ASSIGNMENT,,,,,,,,,,,,,,377,50
ASSIGNMENT,,,,,,,,,,,,,,378,210
ASSIGNMENT,,,,,,,,,,,,,,378,98
ASSIGNMENT,,,,,,,,,,,,,,379,32
ASSIGNMENT,,,,,,,,,,,,,,380,64
ASSIGNMENT,,,,,,,,,,,,,,380,99
ASSIGNMENT,,,,,,,,,,,,,,380,198
ASSIGNMENT,,,,,,,,,,,,,,381,64
ASSIGNMENT,,,,,,,,,,,,,,381,189
ASSIGNMENT,,,,,,,,,,,,,,382,51
ASSIGNMENT,,,,,,,,,,,,,,383,189
ASSIGNMENT,,,,,,,,,,,,,,383,198
ASSIGNMENT,,,,,,,,,,,,,,384,134
ASSIGNMENT,,,,,,,,,,,,,,385,54
ASSIGNMENT,,,,,,,,,,,,,,385,122
ASSIGNMENT,,,,,,,,,,,,,,385,100
ASSIGNMENT,,,,,,,,,,,,,,386,247
ASSIGNMENT,,,,,,,,,,,,,,386,80
ASSIGNMENT,,,,,,,,,,,,,,386,240
ASSIGNMENT,,,,,,,,,,,,,,387,41
ASSIGNMENT,,,,,,,,,,,,,,387,162
ASSIGNMENT,,,,,,,,,,,,,,388,11
ASSIGNMENT,,,,,,,,,,,,,,388,191
ASSIGNMENT,,,,,,,,,,,,,,388,240
ASSIGNMENT,,,,,,,,,,,,,,389,134
ASSIGNMENT,,,,,,,,,,,,,,389,32
ASSIGNMENT,,,,,,,,,,,,,,389,65
ASSIGNMENT,,,,,,,,,,,,,,390,164
ASSIGNMENT,,,,,,,,,,,,,,390,77
ASSIGNMENT,,,,,,,,,,,,,,391,93
ASSIGNMENT,,,,,,,,,,,,,,392,222
ASSIGNMENT,,,,,,,,,,,,,,393,56
ASSIGNMENT,,,,,,,,,,,,,,393,250
ASSIGNMENT,,,,,,,,,,,,,,393,29
ASSIGNMENT,,,,,,,,,,,,,,394,163
ASSIGNMENT,,,,,,,,,,,,,,395,84
ASSIGNMENT,,,,,,,,,,,,,,395,4
ASSIGNMENT,,,,,,,,,,,,,,396,204
ASSIGNMENT,,,,,,,,,,,,,,397,150
ASSIGNMENT,,,,,,,,,,,,,,397,31
ASSIGNMENT,,,,,,,,,,,,,,398,203
ASSIGNMENT,,,,,,,,,,,,,,398,63
ASSIGNMENT,,,,,,,,,,,,,,399,249
ASSIGNMENT,,,,,,,,,,,,,,400,149
ASSIGNMENT,,,,,,,,,,,,,,401,122
ASSIGNMENT,,,,,,,,,,,,,,401,177
ASSIGNMENT,,,,,,,,,,,,,,401,153
ASSIGNMENT,,,,,,,,,,,,,,402,96
ASSIGNMENT,,,,,,,,,,,,,,403,64
ASSIGNMENT,,,,,,,,,,,,,,404,128
ASSIGNMENT,,,,,,,,,,,,,,405,176
ASSIGNMENT,,,,,,,,,,,,,,406,87
ASSIGNMENT,,,,,,,,,,,,,,406,239
ASSIGNMENT,,,,,,,,,,,,,,406,249
ASSIGNMENT,,,,,,,,,,,,,,407,16
ASSIGNMENT,,,,,,,,,,,,,,407,92
ASSIGNMENT,,,,,,,,,,,,,,407,166
ASSIGNMENT,,,,,,,,,,,,,,408,180
ASSIGNMENT,,,,,,,,,,,,,,409,203
ASSIGNMENT,,,,,,,,,,,,,,409,28
ASSIGNMENT,,,,,,,,,,,,,,409,33
ASSIGNMENT,,,,,,,,,,,,,,410,60
ASSIGNMENT,,,,,,,,,,,,,,410,82
ASSIGNMENT,,,,,,,,,,,,,,411,202
ASSIGNMENT,,,,,,,,,,,,,,411,166
ASSIGNMENT,,,,,,,,,,,,,,411,194
ASSIGNMENT,,,,,,,,,,,,,,412,207
ASSIGNMENT,,,,,,,,,,,,,,412,229
ASSIGNMENT,,,,,,,,,,,,,,413,188
ASSIGNMENT,,,,,,,,,,,,,,413,50
ASSIGNMENT,,,,,,,,,,,,,,414,177
ASSIGNMENT,,,,,,,,,,,,,,415,92
ASSIGNMENT,,,,,,,,,,,,,,415,186
ASSIGNMENT,,,,,,,,,,,,,,416,65
ASSIGNMENT,,,,,,,,,,,,,,417,125
ASSIGNMENT,,,,,,,,,,,,,,418,113
ASSIGNMENT,,,,,,,,,,,,,,418,144
ASSIGNMENT,,,,,,,,,,,,,,418,76
ASSIGNMENT,,,,,,,,,,,,,,419,179
ASSIGNMENT,,,,,,,,,,,,,,419,126
ASSIGNMENT,,,,,,,,,,,,,,419,49
ASSIGNMENT,,,,,,,,,,,,,,420,48
ASSIGNMENT,,,,,,,,,,,,,,420,140
ASSIGNMENT,,,,,,,,,,,,,,420,90
ASSIGNMENT,,,,,,,,,,,,,,421,188
ASSIGNMENT,,,,,,,,,,,,,,421,120
ASSIGNMENT,,,,,,,,,,,,,,422,223
ASSIGNMENT,,,,,,,,,,,,,,422,213
ASSIGNMENT,,,,,,,,,,,,,,423,235
ASSIGNMENT,,,,,,,,,,,,,,423,221
ASSIGNMENT,,,,,,,,,,,,,,423,142
ASSIGNMENT,,,,,,,,,,,,,,424,18
ASSIGNMENT,,,,,,,,,,,,,,425,40
ASSIGNMENT,,,,,,,,,,,,,,425,116
ASSIGNMENT,,,,,,,,,,,,,,425,76
ASSIGNMENT,,,,,,,,,,,,,,426,139
ASSIGNMENT,,,,,,,,,,,,,,426,94
ASSIGNMENT,,,,,,,,,,,,,,427,1
ASSIGNMENT,,,,,,,,,,,,,,427,199
ASSIGNMENT,,,,,,,,,,,,,,428,130
ASSIGNMENT,,,,,,,,,,,,,,428,98
ASSIGNMENT,,,,,,,,,,,,,,428,188
ASSIGNMENT,,,,,,,,,,,,,,429,227
ASSIGNMENT,,,,,,,,,,,,,,430,159
ASSIGNMENT,,,,,,,,,,,,,,431,199
ASSIGNMENT,,,,,,,,,,,,,,431,159
ASSIGNMENT,,,,,,,,,,,,,,432,83
ASSIGNMENT,,,,,,,,,,,,,,433,17
ASSIGNMENT,,,,,,,,,,,,,,433,169
ASSIGNMENT,,,,,,,,,,,,,,433,248
ASSIGNMENT,,,,,,,,,,,,,,434,210
ASSIGNMENT,,,,,,,,,,,,,,434,100
ASSIGNMENT,,,,,,,,,,,,,,434,49
ASSIGNMENT,,,,,,,,,,,,,,435,175
ASSIGNMENT,,,,,,,,,,,,,,435,128
ASSIGNMENT,,,,,,,,,,,,,,435,197
ASSIGNMENT,,,,,,,,,,,,,,436,40
ASSIGNMENT,,,,,,,,,,,,,,436,157
ASSIGNMENT,,,,,,,,,,,,,,436,73
ASSIGNMENT,,,,,,,,,,,,,,437,105
ASSIGNMENT,,,,,,,,,,,,,,437,165
ASSIGNMENT,,,,,,,,,,,,,,438,29
ASSIGNMENT,,,,,,,,,,,,,,438,25
ASSIGNMENT,,,,,,,,,,,,,,439,169
ASSIGNMENT,,,,,,,,,,,,,,439,18
ASSIGNMENT,,,,,,,,,,,,,,439,12
ASSIGNMENT,,,,,,,,,,,,,,440,46
ASSIGNMENT,,,,,,,,,,,,,,441,52
ASSIGNMENT,,,,,,,,,,,,,,442,125
ASSIGNMENT,,,,,,,,,,,,,,443,26
ASSIGNMENT,,,,,,,,,,,,,,444,147
ASSIGNMENT,,,,,,,,,,,,,,445,215
ASSIGNMENT,,,,,,,,,,,,,,445,100
ASSIGNMENT,,,,,,,,,,,,,,445,169
ASSIGNMENT,,,,,,,,,,,,,,446,135
ASSIGNMENT,,,,,,,,,,,,,,446,160
ASSIGNMENT,,,,,,,,,,,,,,447,152
ASSIGNMENT,,,,,,,,,,,,,,447,66
ASSIGNMENT,,,,,,,,,,,,,,447,13
ASSIGNMENT,,,,,,,,,,,,,,448,57
ASSIGNMENT,,,,,,,,,,,,,,448,156
ASSIGNMENT,,,,,,,,,,,,,,449,19
ASSIGNMENT,,,,,,,,,,,,,,449,4
ASSIGNMENT,,,,,,,,,,,,,,449,239
ASSIGNMENT,,,,,,,,,,,,,,450,168
ASSIGNMENT,,,,,,,,,,,,,,451,238
ASSIGNMENT,,,,,,,,,,,,,,451,228
ASSIGNMENT,,,,,,,,,,,,,,452,120
ASSIGNMENT,,,,,,,,,,,,,,453,16
ASSIGNMENT,,,,,,,,,,,,,,453,93
ASSIGNMENT,,,,,,,,,,,,,,453,143
ASSIGNMENT,,,,,,,,,,,,,,454,241
ASSIGNMENT,,,,,,,,,,,,,,454,228
ASSIGNMENT,,,,,,,,,,,,,,454,107
ASSIGNMENT,,,,,,,,,,,,,,455,204
ASSIGNMENT,,,,,,,,,,,,,,455,182
ASSIGNMENT,,,,,,,,,,,,,,456,211
ASSIGNMENT,,,,,,,,,,,,,,457,69
ASSIGNMENT,,,,,,,,,,,,,,457,136
ASSIGNMENT,,,,,,,,,,,,,,457,11
ASSIGNMENT,,,,,,,,,,,,,,458,19
ASSIGNMENT,,,,,,,,,,,,,,458,214
ASSIGNMENT,,,,,,,,,,,,,,458,78
ASSIGNMENT,,,,,,,,,,,,,,459,242
ASSIGNMENT,,,,,,,,,,,,,,460,246
ASSIGNMENT,,,,,,,,,,,,,,461,25
ASSIGNMENT,,,,,,,,,,,,,,461,26
ASSIGNMENT,,,,,,,,,,,,,,461,186
ASSIGNMENT,,,,,,,,,,,,,,462,137
ASSIGNMENT,,,,,,,,,,,,,,463,49
ASSIGNMENT,,,,,,,,,,,,,,463,50
ASSIGNMENT,,,,,,,,,,,,,,464,169
ASSIGNMENT,,,,,,,,,,,,,,464,64
ASSIGNMENT,,,,,,,,,,,,,,464,146
ASSIGNMENT,,,,,,,,,,,,,,465,243
ASSIGNMENT,,,,,,,,,,,,,,465,46
ASSIGNMENT,,,,,,,,,,,,,,465,143
ASSIGNMENT,,,,,,,,,,,,,,466,143
ASSIGNMENT,,,,,,,,,,,,,,466,107
ASSIGNMENT,,,,,,,,,,,,,,466,192
ASSIGNMENT,,,,,,,,,,,,,,467,197
ASSIGNMENT,,,,,,,,,,,,,,468,148
ASSIGNMENT,,,,,,,,,,,,,,468,92
ASSIGNMENT,,,,,,,,,,,,,,468,173
ASSIGNMENT,,,,,,,,,,,,,,469,180
ASSIGNMENT,,,,,,,,,,,,,,469,171
ASSIGNMENT,,,,,,,,,,,,,,470,227
ASSIGNMENT,,,,,,,,,,,,,,470,27
ASSIGNMENT,,,,,,,,,,,,,,471,203
ASSIGNMENT,,,,,,,,,,,,,,472,141
ASSIGNMENT,,,,,,,,,,,,,,473,130
ASSIGNMENT,,,,,,,,,,,,,,473,87
ASSIGNMENT,,,,,,,,,,,,,,474,41
ASSIGNMENT,,,,,,,,,,,,,,474,137
ASSIGNMENT,,,,,,,,,,,,,,474,154
ASSIGNMENT,,,,,,,,,,,,,,475,239
ASSIGNMENT,,,,,,,,,,,,,,475,91
ASSIGNMENT,,,,,,,,,,,,,,476,141
ASSIGNMENT,,,,,,,,,,,,,,476,84
ASSIGNMENT,,,,,,,,,,,,,,477,106
ASSIGNMENT,,,,,,,,,,,,,,477,196
ASSIGNMENT,,,,,,,,,,,,,,478,111
ASSIGNMENT,,,,,,,,,,,,,,478,212
ASSIGNMENT,,,,,,,,,,,,,,478,186
ASSIGNMENT,,,,,,,,,,,,,,479,156
ASSIGNMENT,,,,,,,,,,,,,,479,62
ASSIGNMENT,,,,,,,,,,,,,,480,140
ASSIGNMENT,,,,,,,,,,,,,,480,55
ASSIGNMENT,,,,,,,,,,,,,,480,97
ASSIGNMENT,,,,,,,,,,,,,,481,238
ASSIGNMENT,,,,,,,,,,,,,,481,191
ASSIGNMENT,,,,,,,,,,,,,,481,66
ASSIGNMENT,,,,,,,,,,,,,,482,247
ASSIGNMENT,,,,,,,,,,,,,,482,116
ASSIGNMENT,,,,,,,,,,,,,,483,246
ASSIGNMENT,,,,,,,,,,,,,,483,102
ASSIGNMENT,,,,,,,,,,,,,,484,186
ASSIGNMENT,,,,,,,,,,,,,,485,73
ASSIGNMENT,,,,,,,,,,,,,,486,5
ASSIGNMENT,,,,,,,,,,,,,,486,133
ASSIGNMENT,,,,,,,,,,,,,,486,35
ASSIGNMENT,,,,,,,,,,,,,,487,2
ASSIGNMENT,,,,,,,,,,,,,,487,77
ASSIGNMENT,,,,,,,,,,,,,,488,55
ASSIGNMENT,,,,,,,,,,,,,,489,6
ASSIGNMENT,,,,,,,,,,,,,,489,198
ASSIGNMENT,,,,,,,,,,,,,,490,211
ASSIGNMENT,,,,,,,,,,,,,,490,71
ASSIGNMENT,,,,,,,,,,,,,,490,236
ASSIGNMENT,,,,,,,,,,,,,,491,131
ASSIGNMENT,,,,,,,,,,,,,,491,143
ASSIGNMENT,,,,,,,,,,,,,,491,147
ASSIGNMENT,,,,,,,,,,,,,,492,40
ASSIGNMENT,,,,,,,,,,,,,,492,25
ASSIGNMENT,,,,,,,,,,,,,,492,10
ASSIGNMENT,,,,,,,,,,,,,,493,92
ASSIGNMENT,,,,,,,,,,,,,,493,40
ASSIGNMENT,,,,,,,,,,,,,,494,68
ASSIGNMENT,,,,,,,,,,,,,,495,228
ASSIGNMENT,,,,,,,,,,,,,,495,150
ASSIGNMENT,,,,,,,,,,,,,,496,60
ASSIGNMENT,,,,,,,,,,,,,,497,208
ASSIGNMENT,,,,,,,,,,,,,,497,77
ASSIGNMENT,,,,,,,,,,,,,,498,147
ASSIGNMENT,,,,,,,,,,,,,,499,146
ASSIGNMENT,,,,,,,,,,,,,,499,235
ASSIGNMENT,,,,,,,,,,,,,,500,188
ASSIGNMENT,,,,,,,,,,,,,,501,186
ASSIGNMENT,,,,,,,,,,,,,,502,203
ASSIGNMENT,,,,,,,,,,,,,,502,124
ASSIGNMENT,,,,,,,,,,,,,,503,125
ASSIGNMENT,,,,,,,,,,,,,,504,180
ASSIGNMENT,,,,,,,,,,,,,,504,148
ASSIGNMENT,,,,,,,,,,,,,,504,210
ASSIGNMENT,,,,,,,,,,,,,,505,153
ASSIGNMENT,,,,,,,,,,,,,,506,77
ASSIGNMENT,,,,,,,,,,,,,,506,10
ASSIGNMENT,,,,,,,,,,,,,,506,188
ASSIGNMENT,,,,,,,,,,,,,,507,98
ASSIGNMENT,,,,,,,,,,,,,,507,21
ASSIGNMENT,,,,,,,,,,,,,,507,200
ASSIGNMENT,,,,,,,,,,,,,,508,236
ASSIGNMENT,,,,,,,,,,,,,,509,90
ASSIGNMENT,,,,,,,,,,,,,,509,226
ASSIGNMENT,,,,,,,,,,,,,,510,107
ASSIGNMENT,,,,,,,,,,,,,,510,239
ASSIGNMENT,,,,,,,,,,,,,,511,223
ASSIGNMENT,,,,,,,,,,,,,,512,192
ASSIGNMENT,,,,,,,,,,,,,,513,218
ASSIGNMENT,,,,,,,,,,,,,,513,155
ASSIGNMENT,,,,,,,,,,,,,,513,238
ASSIGNMENT,,,,,,,,,,,,,,514,163
ASSIGNMENT,,,,,,,,,,,,,,515,98
ASSIGNMENT,,,,,,,,,,,,,,515,14
ASSIGNMENT,,,,,,,,,,,,,,515,79
ASSIGNMENT,,,,,,,,,,,,,,516,11
ASSIGNMENT,,,,,,,,,,,,,,516,82
ASSIGNMENT,,,,,,,,,,,,,,516,139
ASSIGNMENT,,,,,,,,,,,,,,517,39
ASSIGNMENT,,,,,,,,,,,,,,517,84
ASSIGNMENT,,,,,,,,,,,,,,517,129
ASSIGNMENT,,,,,,,,,,,,,,518,57
ASSIGNMENT,,,,,,,,,,,,,,518,40
ASSIGNMENT,,,,,,,,,,,,,,518,13
ASSIGNMENT,,,,,,,,,,,,,,519,188
ASSIGNMENT,,,,,,,,,,,,,,519,101
ASSIGNMENT,,,,,,,,,,,,,,519,249
ASSIGNMENT,,,,,,,,,,,,,,520,193
ASSIGNMENT,,,,,,,,,,,,,,520,153
ASSIGNMENT,,,,,,,,,,,,,,521,130
ASSIGNMENT,,,,,,,,,,,,,,521,24
ASSIGNMENT,,,,,,,,,,,,,,521,57
ASSIGNMENT,,,,,,,,,,,,,,522,75
ASSIGNMENT,,,,,,,,,,,,,,522,202
ASSIGNMENT,,,,,,,,,,,,,,523,38
ASSIGNMENT,,,,,,,,,,,,,,523,34
ASSIGNMENT,,,,,,,,,,,,,,524,22
ASSIGNMENT,,,,,,,,,,,,,,524,122
ASSIGNMENT,,,,,,,,,,,,,,525,191
ASSIGNMENT,,,,,,,,,,,,,,525,13
ASSIGNMENT,,,,,,,,,,,,,,525,141
ASSIGNMENT,,,,,,,,,,,,,,526,68
ASSIGNMENT,,,,,,,,,,,,,,526,22
ASSIGNMENT,,,,,,,,,,,,,,527,129
ASSIGNMENT,,,,,,,,,,,,,,527,112
ASSIGNMENT,,,,,,,,,,,,,,528,34
ASSIGNMENT,,,,,,,,,,,,,,528,196
ASSIGNMENT,,,,,,,,,,,,,,528,35
ASSIGNMENT,,,,,,,,,,,,,,529,144
ASSIGNMENT,,,,,,,,,,,,,,529,51
ASSIGNMENT,,,,,,,,,,,,,,530,102
ASSIGNMENT,,,,,,,,,,,,,,530,167
ASSIGNMENT,,,,,,,,,,,,,,531,51
ASSIGNMENT,,,,,,,,,,,,,,531,144
ASSIGNMENT,,,,,,,,,,,,,,531,158
ASSIGNMENT,,,,,,,,,,,,,,532,135
ASSIGNMENT,,,,,,,,,,,,,,532,64
ASSIGNMENT,,,,,,,,,,,,,,532,63
ASSIGNMENT,,,,,,,,,,,,,,533,69
ASSIGNMENT,,,,,,,,,,,,,,534,83
ASSIGNMENT,,,,,,,,,,,,,,534,176
ASSIGNMENT,,,,,,,,,,,,,,535,23
ASSIGNMENT,,,,,,,,,,,,,,535,29
ASSIGNMENT,,,,,,,,,,,,,,535,172
ASSIGNMENT,,,,,,,,,,,,,,536,109
ASSIGNMENT,,,,,,,,,,,,,,536,94
ASSIGNMENT,,,,,,,,,,,,,,537,49
ASSIGNMENT,,,,,,,,,,,,,,537,83
ASSIGNMENT,,,,,,,,,,,,,,538,153
ASSIGNMENT,,,,,,,,,,,,,,538,168
ASSIGNMENT,,,,,,,,,,,,,,539,198
ASSIGNMENT,,,,,,,,,,,,,,540,44
ASSIGNMENT,,,,,,,,,,,,,,540,90
ASSIGNMENT,,,,,,,,,,,,,,541,211
ASSIGNMENT,,,,,,,,,,,,,,541,206
ASSIGNMENT,,,,,,,,,,,,,,541,114
ASSIGNMENT,,,,,,,,,,,,,,542,38
ASSIGNMENT,,,,,,,,,,,,,,542,113
ASSIGNMENT,,,,,,,,,,,,,,542,12
ASSIGNMENT,,,,,,,,,,,,,,543,52
ASSIGNMENT,,,,,,,,,,,,,,544,96
ASSIGNMENT,,,,,,,,,,,,,,544,40
ASSIGNMENT,,,,,,,,,,,,,,544,194
ASSIGNMENT,,,,,,,,,,,,,,545,219
ASSIGNMENT,,,,,,,,,,,,,,545,22
ASSIGNMENT,,,,,,,,,,,,,,545,29
ASSIGNMENT,,,,,,,,,,,,,,546,14
ASSIGNMENT,,,,,,,,,,,,,,546,63
ASSIGNMENT,,,,,,,,,,,,,,546,243
ASSIGNMENT,,,,,,,,,,,,,,547,238
ASSIGNMENT,,,,,,,,,,,,,,547,38
ASSIGNMENT,,,,,,,,,,,,,,547,223
ASSIGNMENT,,,,,,,,,,,,,,548,4
ASSIGNMENT,,,,,,,,,,,,,,548,88
ASSIGNMENT,,,,,,,,,,,,,,549,206
ASSIGNMENT,,,,,,,,,,,,,,549,29
ASSIGNMENT,,,,,,,,,,,,,,549,79
ASSIGNMENT,,,,,,,,,,,,,,550,121
ASSIGNMENT,,,,,,,,,,,,,,550,6
ASSIGNMENT,,,,,,,,,,,,,,551,54
ASSIGNMENT,,,,,,,,,,,,,,551,190
ASSIGNMENT,,,,,,,,,,,,,,552,55
ASSIGNMENT,,,,,,,,,,,,,,552,53
ASSIGNMENT,,,,,,,,,,,,,,552,140
ASSIGNMENT,,,,,,,,,,,,,,553,193
ASSIGNMENT,,,,,,,,,,,,,,553,67
ASSIGNMENT,,,,,,,,,,,,,,553,141
ASSIGNMENT,,,,,,,,,,,,,,554,160
ASSIGNMENT,,,,,,,,,,,,,,554,187
ASSIGNMENT,,,,,,,,,,,,,,555,178
ASSIGNMENT,,,,,,,,,,,,,,556,172
ASSIGNMENT,,,,,,,,,,,,,,556,5
ASSIGNMENT,,,,,,,,,,,,,,556,97
ASSIGNMENT,,,,,,,,,,,,,,557,232
ASSIGNMENT,,,,,,,,,,,,,,557,170
ASSIGNMENT,,,,,,,,,,,,,,557,135
ASSIGNMENT,,,,,,,,,,,,,,558,66
ASSIGNMENT,,,,,,,,,,,,,,559,16
ASSIGNMENT,,,,,,,,,,,,,,560,52
ASSIGNMENT,,,,,,,,,,,,,,560,203
ASSIGNMENT,,,,,,,,,,,,,,561,159
ASSIGNMENT,,,,,,,,,,,,,,561,70
ASSIGNMENT,,,,,,,,,,,,,,561,14
ASSIGNMENT,,,,,,,,,,,,,,562,168
ASSIGNMENT,,,,,,,,,,,,,,562,242
ASSIGNMENT,,,,,,,,,,,,,,563,18
ASSIGNMENT,,,,,,,,,,,,,,564,170
ASSIGNMENT,,,,,,,,,,,,,,564,70
ASSIGNMENT,,,,,,,,,,,,,,565,219
ASSIGNMENT,,,,,,,,,,,,,,565,234
ASSIGNMENT,,,,,,,,,,,,,,565,169
ASSIGNMENT,,,,,,,,,,,,,,566,222
ASSIGNMENT,,,,,,,,,,,,,,566,28
ASSIGNMENT,,,,,,,,,,,,,,567,75
ASSIGNMENT,,,,,,,,,,,,,,568,99
ASSIGNMENT,,,,,,,,,,,,,,568,60
ASSIGNMENT,,,,,,,,,,,,,,568,98
ASSIGNMENT,,,,,,,,,,,,,,569,182
ASSIGNMENT,,,,,,,,,,,,,,569,26
ASSIGNMENT,,,,,,,,,,,,,,569,232
ASSIGNMENT,,,,,,,,,,,,,,570,125
ASSIGNMENT,,,,,,,,,,,,,,570,222
ASSIGNMENT,,,,,,,,,,,,,,571,137
ASSIGNMENT,,,,,,,,,,,,,,571,23
ASSIGNMENT,,,,,,,,,,,,,,571,48
ASSIGNMENT,,,,,,,,,,,,,,572,129
ASSIGNMENT,,,,,,,,,,,,,,573,144
ASSIGNMENT,,,,,,,,,,,,,,573,238
ASSIGNMENT,,,,,,,,,,,,,,574,6
ASSIGNMENT,,,,,,,,,,,,,,574,11
ASSIGNMENT,,,,,,,,,,,,,,574,64
ASSIGNMENT,,,,,,,,,,,,,,575,79
ASSIGNMENT,,,,,,,,,,,,,,575,86
ASSIGNMENT,,,,,,,,,,,,,,575,126
ASSIGNMENT,,,,,,,,,,,,,,576,191
ASSIGNMENT,,,,,,,,,,,,,,576,41
ASSIGNMENT,,,,,,,,,,,,,,577,89
ASSIGNMENT,,,,,,,,,,,,,,578,91
ASSIGNMENT,,,,,,,,,,,,,,578,161
ASSIGNMENT,,,,,,,,,,,,,,578,78
ASSIGNMENT,,,,,,,,,,,,,,579,129
ASSIGNMENT,,,,,,,,,,,,,,580,208
ASSIGNMENT,,,,,,,,,,,,,,580,16
ASSIGNMENT,,,,,,,,,,,,,,581,66
ASSIGNMENT,,,,,,,,,,,,,,581,225
ASSIGNMENT,,,,,,,,,,,,,,581,100
ASSIGNMENT,,,,,,,,,,,,,,582,242
ASSIGNMENT,,,,,,,,,,,,,,583,243
ASSIGNMENT,,,,,,,,,,,,,,583,72
ASSIGNMENT,,,,,,,,,,,,,,583,58
ASSIGNMENT,,,,,,,,,,,,,,584,88
ASSIGNMENT,,,,,,,,,,,,,,585,169
ASSIGNMENT,,,,,,,,,,,,,,585,36
ASSIGNMENT,,,,,,,,,,,,,,586,187
ASSIGNMENT,,,,,,,,,,,,,,587,134
ASSIGNMENT,,,,,,,,,,,,,,587,246
ASSIGNMENT,,,,,,,,,,,,,,588,157
ASSIGNMENT,,,,,,,,,,,,,,588,224
ASSIGNMENT,,,,,,,,,,,,,,588,161
ASSIGNMENT,,,,,,,,,,,,,,589,59
ASSIGNMENT,,,,,,,,,,,,,,589,107
ASSIGNMENT,,,,,,,,,,,,,,589,62
ASSIGNMENT,,,,,,,,,,,,,,590,40
ASSIGNMENT,,,,,,,,,,,,,,590,110
ASSIGNMENT,,,,,,,,,,,,,,590,249
ASSIGNMENT,,,,,,,,,,,,,,591,233
ASSIGNMENT,,,,,,,,,,,,,,591,155
ASSIGNMENT,,,,,,,,,,,,,,592,115
ASSIGNMENT,,,,,,,,,,,,,,592,139
ASSIGNMENT,,,,,,,,,,,,,,593,53
ASSIGNMENT,,,,,,,,,,,,,,594,36
ASSIGNMENT,,,,,,,,,,,,,,594,149
ASSIGNMENT,,,,,,,,,,,,,,594,139
ASSIGNMENT,,,,,,,,,,,,,,595,205
ASSIGNMENT,,,,,,,,,,,,,,595,52
ASSIGNMENT,,,,,,,,,,,,,,595,221
ASSIGNMENT,,,,,,,,,,,,,,596,80
ASSIGNMENT,,,,,,,,,,,,,,597,181
ASSIGNMENT,,,,,,,,,,,,,,597,231
ASSIGNMENT,,,,,,,,,,,,,,597,135
ASSIGNMENT,,,,,,,,,,,,,,598,111
ASSIGNMENT,,,,,,,,,,,,,,599,168
ASSIGNMENT,,,,,,,,,,,,,,600,235
ASSIGNMENT,,,,,,,,,,,,,,600,41
ASSIGNMENT,,,,,,,,,,,,,,600,82
ASSIGNMENT,,,,,,,,,,,,,,601,143
ASSIGNMENT,,,,,,,,,,,,,,602,243
ASSIGNMENT,,,,,,,,,,,,,,602,185
ASSIGNMENT,,,,,,,,,,,,,,602,31
ASSIGNMENT,,,,,,,,,,,,,,603,82
ASSIGNMENT,,,,,,,,,,,,,,604,187
ASSIGNMENT,,,,,,,,,,,,,,605,196
ASSIGNMENT,,,,,,,,,,,,,,606,226
ASSIGNMENT,,,,,,,,,,,,,,606,250
ASSIGNMENT,,,,,,,,,,,,,,607,247
ASSIGNMENT,,,,,,,,,,,,,,607,106
ASSIGNMENT,,,,,,,,,,,,,,608,114
ASSIGNMENT,,,,,,,,,,,,,,608,191
ASSIGNMENT,,,,,,,,,,,,,,609,239
ASSIGNMENT,,,,,,,,,,,,,,609,190
ASSIGNMENT,,,,,,,,,,,,,,609,71
ASSIGNMENT,,,,,,,,,,,,,,610,200
ASSIGNMENT,,,,,,,,,,,,,,611,28
ASSIGNMENT,,,,,,,,,,,,,,612,48
ASSIGNMENT,,,,,,,,,,,,,,613,196
ASSIGNMENT,,,,,,,,,,,,,,614,158
ASSIGNMENT,,,,,,,,,,,,,,614,69
ASSIGNMENT,,,,,,,,,,,,,,614,156
ASSIGNMENT,,,,,,,,,,,,,,615,157
ASSIGNMENT,,,,,,,,,,,,,,615,60
ASSIGNMENT,,,,,,,,,,,,,,615,153
ASSIGNMENT,,,,,,,,,,,,,,616,60
ASSIGNMENT,,,,,,,,,,,,,,617,7
ASSIGNMENT,,,,,,,,,,,,,,617,92
ASSIGNMENT,,,,,,,,,,,,,,617,21
ASSIGNMENT,,,,,,,,,,,,,,618,200
ASSIGNMENT,,,,,,,,,,,,,,618,123
ASSIGNMENT,,,,,,,,,,,,,,618,35
ASSIGNMENT,,,,,,,,,,,,,,619,217
ASSIGNMENT,,,,,,,,,,,,,,619,155
ASSIGNMENT,,,,,,,,,,,,,,619,121
ASSIGNMENT,,,,,,,,,,,,,,620,167
ASSIGNMENT,,,,,,,,,,,,,,620,96
ASSIGNMENT,,,,,,,,,,,,,,620,48
ASSIGNMENT,,,,,,,,,,,,,,621,126
ASSIGNMENT,,,,,,,,,,,,,,621,122
ASSIGNMENT,,,,,,,,,,,,,,622,42
ASSIGNMENT,,,,,,,,,,,,,,623,58
ASSIGNMENT,,,,,,,,,,,,,,624,105
ASSIGNMENT,,,,,,,,,,,,,,625,237
ASSIGNMENT,,,,,,,,,,,,,,626,244
ASSIGNMENT,,,,,,,,,,,,,,626,106
ASSIGNMENT,,,,,,,,,,,,,,627,191
ASSIGNMENT,,,,,,,,,,,,,,628,52
ASSIGNMENT,,,,,,,,,,,,,,628,194
ASSIGNMENT,,,,,,,,,,,,,,628,53
ASSIGNMENT,,,,,,,,,,,,,,629,46
ASSIGNMENT,,,,,,,,,,,,,,630,222
ASSIGNMENT,,,,,,,,,,,,,,630,158
ASSIGNMENT,,,,,,,,,,,,,,631,177
ASSIGNMENT,,,,,,,,,,,,,,631,84
ASSIGNMENT,,,,,,,,,,,,,,632,228
ASSIGNMENT,,,,,,,,,,,,,,632,64
ASSIGNMENT,,,,,,,,,,,,,,633,104
ASSIGNMENT,,,,,,,,,,,,,,633,199
ASSIGNMENT,,,,,,,,,,,,,,634,156
ASSIGNMENT,,,,,,,,,,,,,,635,212
ASSIGNMENT,,,,,,,,,,,,,,635,98
ASSIGNMENT,,,,,,,,,,,,,,635,185
ASSIGNMENT,,,,,,,,,,,,,,636,101
ASSIGNMENT,,,,,,,,,,,,,,636,157
ASSIGNMENT,,,,,,,,,,,,,,637,147
ASSIGNMENT,,,,,,,,,,,,,,637,153
ASSIGNMENT,,,,,,,,,,,,,,637,138
ASSIGNMENT,,,,,,,,,,,,,,638,165
ASSIGNMENT,,,,,,,,,,,,,,638,225
ASSIGNMENT,,,,,,,,,,,,,,638,181
ASSIGNMENT,,,,,,,,,,,,,,639,134
ASSIGNMENT,,,,,,,,,,,,,,640,116
ASSIGNMENT,,,,,,,,,,,,,,641,212
ASSIGNMENT,,,,,,,,,,,,,,641,225
ASSIGNMENT,,,,,,,,,,,,,,642,225
ASSIGNMENT,,,,,,,,,,,,,,643,133
ASSIGNMENT,,,,,,,,,,,,,,644,102
ASSIGNMENT,,,,,,,,,,,,,,644,189
ASSIGNMENT,,,,,,,,,,,,,,644,11
ASSIGNMENT,,,,,,,,,,,,,,645,100
ASSIGNMENT,,,,,,,,,,,,,,645,133
ASSIGNMENT,,,,,,,,,,,,,,645,196
ASSIGNMENT,,,,,,,,,,,,,,646,247
ASSIGNMENT,,,,,,,,,,,,,,646,13
ASSIGNMENT,,,,,,,,,,,,,,646,49
ASSIGNMENT,,,,,,,,,,,,,,647,113
ASSIGNMENT,,,,,,,,,,,,,,647,102
ASSIGNMENT,,,,,,,,,,,,,,648,199
ASSIGNMENT,,,,,,,,,,,,,,648,212
ASSIGNMENT,,,,,,,,,,,,,,649,119
ASSIGNMENT,,,,,,,,,,,,,,649,43
ASSIGNMENT,,,,,,,,,,,,,,650,76
ASSIGNMENT,,,,,,,,,,,,,,650,157
ASSIGNMENT,,,,,,,,,,,,,,651,177
ASSIGNMENT,,,,,,,,,,,,,,652,232
ASSIGNMENT,,,,,,,,,,,,,,652,37
ASSIGNMENT,,,,,,,,,,,,,,652,119
ASSIGNMENT,,,,,,,,,,,,,,653,116
ASSIGNMENT,,,,,,,,,,,,,,653,24
ASSIGNMENT,,,,,,,,,,,,,,653,185
ASSIGNMENT,,,,,,,,,,,,,,654,29
ASSIGNMENT,,,,,,,,,,,,,,654,47
ASSIGNMENT,,,,,,,,,,,,,,654,200
ASSIGNMENT,,,,,,,,,,,,,,655,241
ASSIGNMENT,,,,,,,,,,,,,,655,229
ASSIGNMENT,,,,,,,,,,,,,,655,179
ASSIGNMENT,,,,,,,,,,,,,,656,35
ASSIGNMENT,,,,,,,,,,,,,,656,101
ASSIGNMENT,,,,,,,,,,,,,,656,106
ASSIGNMENT,,,,,,,,,,,,,,657,116
ASSIGNMENT,,,,,,,,,,,,,,657,7
ASSIGNMENT,,,,,,,,,,,,,,658,117
ASSIGNMENT,,,,,,,,,,,,,,659,230
ASSIGNMENT,,,,,,,,,,,,,,659,183
ASSIGNMENT,,,,,,,,,,,,,,659,52
ASSIGNMENT,,,,,,,,,,,,,,660,24
ASSIGNMENT,,,,,,,,,,,,,,660,65
ASSIGNMENT,,,,,,,,,,,,,,661,178
ASSIGNMENT,,,,,,,,,,,,,,661,167
ASSIGNMENT,,,,,,,,,,,,,,662,204
ASSIGNMENT,,,,,,,,,,,,,,662,42
ASSIGNMENT,,,,,,,,,,,,,,662,184
ASSIGNMENT,,,,,,,,,,,,,,663,32
ASSIGNMENT,,,,,,,,,,,,,,663,24
ASSIGNMENT,,,,,,,,,,,,,,663,30
ASSIGNMENT,,,,,,,,,,,,,,664,116
ASSIGNMENT,,,,,,,,,,,,,,664,163
ASSIGNMENT,,,,,,,,,,,,,,664,93
ASSIGNMENT,,,,,,,,,,,,,,665,135
ASSIGNMENT,,,,,,,,,,,,,,666,99
ASSIGNMENT,,,,,,,,,,,,,,666,187
ASSIGNMENT,,,,,,,,,,,,,,666,203
ASSIGNMENT,,,,,,,,,,,,,,667,157
ASSIGNMENT,,,,,,,,,,,,,,667,244
ASSIGNMENT,,,,,,,,,,,,,,667,41
ASSIGNMENT,,,,,,,,,,,,,,668,141
ASSIGNMENT,,,,,,,,,,,,,,668,98
ASSIGNMENT,,,,,,,,,,,,,,669,197
ASSIGNMENT,,,,,,,,,,,,,,670,234
ASSIGNMENT,,,,,,,,,,,,,,671,145
ASSIGNMENT,,,,,,,,,,,,,,671,224
ASSIGNMENT,,,,,,,,,,,,,,672,221
ASSIGNMENT,,,,,,,,,,,,,,672,39
ASSIGNMENT,,,,,,,,,,,,,,672,42
ASSIGNMENT,,,,,,,,,,,,,,673,46
ASSIGNMENT,,,,,,,,,,,,,,674,14
ASSIGNMENT,,,,,,,,,,,,,,674,108
ASSIGNMENT,,,,,,,,,,,,,,674,79
ASSIGNMENT,,,,,,,,,,,,,,675,187
ASSIGNMENT,,,,,,,,,,,,,,675,197
ASSIGNMENT,,,,,,,,,,,,,,676,74
ASSIGNMENT,,,,,,,,,,,,,,676,161
ASSIGNMENT,,,,,,,,,,,,,,677,31
ASSIGNMENT,,,,,,,,,,,,,,678,246
ASSIGNMENT,,,,,,,,,,,,,,679,1
ASSIGNMENT,,,,,,,,,,,,,,680,196
ASSIGNMENT,,,,,,,,,,,,,,680,65
ASSIGNMENT,,,,,,,,,,,,,,680,4
ASSIGNMENT,,,,,,,,,,,,,,681,128
ASSIGNMENT,,,,,,,,,,,,,,681,219
ASSIGNMENT,,,,,,,,,,,,,,682,140
ASSIGNMENT,,,,,,,,,,,,,,682,207
ASSIGNMENT,,,,,,,,,,,,,,683,156
ASSIGNMENT,,,,,,,,,,,,,,684,61
ASSIGNMENT,,,,,,,,,,,,,,684,56
ASSIGNMENT,,,,,,,,,,,,,,685,169
ASSIGNMENT,,,,,,,,,,,,,,685,122
ASSIGNMENT,,,,,,,,,,,,,,685,117
ASSIGNMENT,,,,,,,,,,,,,,686,114
ASSIGNMENT,,,,,,,,,,,,,,686,21
ASSIGNMENT,,,,,,,,,,,,,,687,154
ASSIGNMENT,,,,,,,,,,,,,,687,2
ASSIGNMENT,,,,,,,,,,,,,,687,63
ASSIGNMENT,,,,,,,,,,,,,,688,72
ASSIGNMENT,,,,,,,,,,,,,,688,159
ASSIGNMENT,,,,,,,,,,,,,,688,161
ASSIGNMENT,,,,,,,,,,,,,,689,210
ASSIGNMENT,,,,,,,,,,,,,,689,212
ASSIGNMENT,,,,,,,,,,,,,,689,54
ASSIGNMENT,,,,,,,,,,,,,,690,48
ASSIGNMENT,,,,,,,,,,,,,,691,15
ASSIGNMENT,,,,,,,,,,,,,,692,90
ASSIGNMENT,,,,,,,,,,,,,,692,10
ASSIGNMENT,,,,,,,,,,,,,,692,38
ASSIGNMENT,,,,,,,,,,,,,,693,171
ASSIGNMENT,,,,,,,,,,,,,,694,215
ASSIGNMENT,,,,,,,,,,,,,,694,155
ASSIGNMENT,,,,,,,,,,,,,,694,77
ASSIGNMENT,,,,,,,,,,,,,,695,236
ASSIGNMENT,,,,,,,,,,,,,,695,23
ASSIGNMENT,,,,,,,,,,,,,,696,28
ASSIGNMENT,,,,,,,,,,,,,,697,46
ASSIGNMENT,,,,,,,,,,,,,,697,42
ASSIGNMENT,,,,,,,,,,,,,,698,73
ASSIGNMENT,,,,,,,,,,,,,,698,157
ASSIGNMENT,,,,,,,,,,,,,,698,170
ASSIGNMENT,,,,,,,,,,,,,,699,180
ASSIGNMENT,,,,,,,,,,,,,,699,153
ASSIGNMENT,,,,,,,,,,,,,,699,147
ASSIGNMENT,,,,,,,,,,,,,,700,46
ASSIGNMENT,,,,,,,,,,,,,,700,248
ASSIGNMENT,,,,,,,,,,,,,,700,117
ASSIGNMENT,,,,,,,,,,,,,,701,149
ASSIGNMENT,,,,,,,,,,,,,,701,93
ASSIGNMENT,,,,,,,,,,,,,,701,239
ASSIGNMENT,,,,,,,,,,,,,,702,24
ASSIGNMENT,,,,,,,,,,,,,,703,83
ASSIGNMENT,,,,,,,,,,,,,,703,95
ASSIGNMENT,,,,,,,,,,,,,,704,210
ASSIGNMENT,,,,,,,,,,,,,,704,18
ASSIGNMENT,,,,,,,,,,,,,,705,216
ASSIGNMENT,,,,,,,,,,,,,,705,141
ASSIGNMENT,,,,,,,,,,,,,,706,75
ASSIGNMENT,,,,,,,,,,,,,,707,35
ASSIGNMENT,,,,,,,,,,,,,,707,32
ASSIGNMENT,,,,,,,,,,,,,,708,221
ASSIGNMENT,,,,,,,,,,,,,,708,71
ASSIGNMENT,,,,,,,,,,,,,,708,85
ASSIGNMENT,,,,,,,,,,,,,,709,106
ASSIGNMENT,,,,,,,,,,,,,,709,135
ASSIGNMENT,,,,,,,,,,,,,,709,54
ASSIGNMENT,,,,,,,,,,,,,,710,54
ASSIGNMENT,,,,,,,,,,,,,,710,157
ASSIGNMENT,,,,,,,,,,,,,,710,15
ASSIGNMENT,,,,,,,,,,,,,,711,147
ASSIGNMENT,,,,,,,,,,,,,,712,162
ASSIGNMENT,,,,,,,,,,,,,,712,136
ASSIGNMENT,,,,,,,,,,,,,,712,23
ASSIGNMENT,,,,,,,,,,,,,,713,186
ASSIGNMENT,,,,,,,,,,,,,,713,177
ASSIGNMENT,,,,,,,,,,,,,,714,240
ASSIGNMENT,,,,,,,,,,,,,,714,202
ASSIGNMENT,,,,,,,,,,,,,,714,181
ASSIGNMENT,,,,,,,,,,,,,,715,110
ASSIGNMENT,,,,,,,,,,,,,,715,156
ASSIGNMENT,,,,,,,,,,,,,,716,67
ASSIGNMENT,,,,,,,,,,,,,,716,135
ASSIGNMENT,,,,,,,,,,,,,,717,160
ASSIGNMENT,,,,,,,,,,,,,,717,91
ASSIGNMENT,,,,,,,,,,,,,,717,238
ASSIGNMENT,,,,,,,,,,,,,,718,158
ASSIGNMENT,,,,,,,,,,,,,,719,128
ASSIGNMENT,,,,,,,,,,,,,,719,134
ASSIGNMENT,,,,,,,,,,,,,,719,187
ASSIGNMENT,,,,,,,,,,,,,,720,128
ASSIGNMENT,,,,,,,,,,,,,,720,127
ASSIGNMENT,,,,,,,,,,,,,,720,207
ASSIGNMENT,,,,,,,,,,,,,,721,227
ASSIGNMENT,,,,,,,,,,,,,,722,60
ASSIGNMENT,,,,,,,,,,,,,,722,182
ASSIGNMENT,,,,,,,,,,,,,,722,75
ASSIGNMENT,,,,,,,,,,,,,,723,1
ASSIGNMENT,,,,,,,,,,,,,,724,7
ASSIGNMENT,,,,,,,,,,,,,,725,161
ASSIGNMENT,,,,,,,,,,,,,,725,204
ASSIGNMENT,,,,,,,,,,,,,,726,189
ASSIGNMENT,,,,,,,,,,,,,,727,205
ASSIGNMENT,,,,,,,,,,,,,,728,107
ASSIGNMENT,,,,,,,,,,,,,,728,106
ASSIGNMENT,,,,,,,,,,,,,,728,12
ASSIGNMENT,,,,,,,,,,,,,,729,90
ASSIGNMENT,,,,,,,,,,,,,,729,144
ASSIGNMENT,,,,,,,,,,,,,,730,55
ASSIGNMENT,,,,,,,,,,,,,,730,3
ASSIGNMENT,,,,,,,,,,,,,,730,164
ASSIGNMENT,,,,,,,,,,,,,,731,177
ASSIGNMENT,,,,,,,,,,,,,,732,66
ASSIGNMENT,,,,,,,,,,,,,,732,203
ASSIGNMENT,,,,,,,,,,,,,,733,79
ASSIGNMENT,,,,,,,,,,,,,,734,130
ASSIGNMENT,,,,,,,,,,,,,,734,141
ASSIGNMENT,,,,,,,,,,,,,,735,197
ASSIGNMENT,,,,,,,,,,,,,,735,2
ASSIGNMENT,,,,,,,,,,,,,,736,176
ASSIGNMENT,,,,,,,,,,,,,,737,88
ASSIGNMENT,,,,,,,,,,,,,,737,102
ASSIGNMENT,,,,,,,,,,,,,,738,146
ASSIGNMENT,,,,,,,,,,,,,,738,158
ASSIGNMENT,,,,,,,,,,,,,,738,246
ASSIGNMENT,,,,,,,,,,,,,,739,214
ASSIGNMENT,,,,,,,,,,,,,,740,50
ASSIGNMENT,,,,,,,,,,,,,,741,214
ASSIGNMENT,,,,,,,,,,,,,,741,87
ASSIGNMENT,,,,,,,,,,,,,,742,123
ASSIGNMENT,,,,,,,,,,,,,,742,235
ASSIGNMENT,,,,,,,,,,,,,,742,122
ASSIGNMENT,,,,,,,,,,,,,,743,166
ASSIGNMENT,,,,,,,,,,,,,,744,124
ASSIGNMENT,,,,,,,,,,,,,,745,161
ASSIGNMENT,,,,,,,,,,,,,,746,229
ASSIGNMENT,,,,,,,,,,,,,,746,222
ASSIGNMENT,,,,,,,,,,,,,,747,230
ASSIGNMENT,,,,,,,,,,,,,,747,86
ASSIGNMENT,,,,,,,,,,,,,,747,119
ASSIGNMENT,,,,,,,,,,,,,,748,238
ASSIGNMENT,,,,,,,,,,,,,,748,191
ASSIGNMENT,,,,,,,,,,,,,,749,214
ASSIGNMENT,,,,,,,,,,,,,,750,77
ASSIGNMENT,,,,,,,,,,,,,,750,145
ASSIGNMENT,,,,,,,,,,,,,,750,186
ASSIGNMENT,,,,,,,,,,,,,,751,81
ASSIGNMENT,,,,,,,,,,,,,,751,143
ASSIGNMENT,,,,,,,,,,,,,,751,138
ASSIGNMENT,,,,,,,,,,,,,,752,54
ASSIGNMENT,,,,,,,,,,,,,,753,176
ASSIGNMENT,,,,,,,,,,,,,,753,85
ASSIGNMENT,,,,,,,,,,,,,,753,205
ASSIGNMENT,,,,,,,,,,,,,,754,17
ASSIGNMENT,,,,,,,,,,,,,,754,249
ASSIGNMENT,,,,,,,,,,,,,,755,72
ASSIGNMENT,,,,,,,,,,,,,,756,87
ASSIGNMENT,,,,,,,,,,,,,,757,161
ASSIGNMENT,,,,,,,,,,,,,,757,137
ASSIGNMENT,,,,,,,,,,,,,,758,147
ASSIGNMENT,,,,,,,,,,,,,,759,100
ASSIGNMENT,,,,,,,,,,,,,,759,48
ASSIGNMENT,,,,,,,,,,,,,,759,153
ASSIGNMENT,,,,,,,,,,,,,,760,222
ASSIGNMENT,,,,,,,,,,,,,,761,181
ASSIGNMENT,,,,,,,,,,,,,,761,220
ASSIGNMENT,,,,,,,,,,,,,,762,182
ASSIGNMENT,,,,,,,,,,,,,,762,9
ASSIGNMENT,,,,,,,,,,,,,,763,106
ASSIGNMENT,,,,,,,,,,,,,,763,23
ASSIGNMENT,,,,,,,,,,,,,,764,225
ASSIGNMENT,,,,,,,,,,,,,,764,61
ASSIGNMENT,,,,,,,,,,,,,,765,116
ASSIGNMENT,,,,,,,,,,,,,,765,213
ASSIGNMENT,,,,,,,,,,,,,,766,56
ASSIGNMENT,,,,,,,,,,,,,,766,135
ASSIGNMENT,,,,,,,,,,,,,,767,45
ASSIGNMENT,,,,,,,,,,,,,,767,29
ASSIGNMENT,,,,,,,,,,,,,,768,201
ASSIGNMENT,,,,,,,,,,,,,,768,10
ASSIGNMENT,,,,,,,,,,,,,,769,234
ASSIGNMENT,,,,,,,,,,,,,,770,114
ASSIGNMENT,,,,,,,,,,,,,,771,7
ASSIGNMENT,,,,,,,,,,,,,,771,205
ASSIGNMENT,,,,,,,,,,,,,,771,124
ASSIGNMENT,,,,,,,,,,,,,,772,40
ASSIGNMENT,,,,,,,,,,,,,,772,49
ASSIGNMENT,,,,,,,,,,,,,,772,88
ASSIGNMENT,,,,,,,,,,,,,,773,188
ASSIGNMENT,,,,,,,,,,,,,,773,224
ASSIGNMENT,,,,,,,,,,,,,,774,80
ASSIGNMENT,,,,,,,,,,,,,,774,199
ASSIGNMENT,,,,,,,,,,,,,,774,84
ASSIGNMENT,,,,,,,,,,,,,,775,197
ASSIGNMENT,,,,,,,,,,,,,,776,211
ASSIGNMENT,,,,,,,,,,,,,,777,174
ASSIGNMENT,,,,,,,,,,,,,,777,34
ASSIGNMENT,,,,,,,,,,,,,,777,53
ASSIGNMENT,,,,,,,,,,,,,,778,10
ASSIGNMENT,,,,,,,,,,,,,,778,118
ASSIGNMENT,,,,,,,,,,,,,,778,100
ASSIGNMENT,,,,,,,,,,,,,,779,222
ASSIGNMENT,,,,,,,,,,,,,,779,134
ASSIGNMENT,,,,,,,,,,,,,,779,30
ASSIGNMENT,,,,,,,,,,,,,,780,80
ASSIGNMENT,,,,,,,,,,,,,,781,176
ASSIGNMENT,,,,,,,,,,,,,,782,224
ASSIGNMENT,,,,,,,,,,,,,,782,23
ASSIGNMENT,,,,,,,,,,,,,,782,86
ASSIGNMENT,,,,,,,,,,,,,,783,228
ASSIGNMENT,,,,,,,,,,,,,,783,12
ASSIGNMENT,,,,,,,,,,,,,,784,134
ASSIGNMENT,,,,,,,,,,,,,,785,191
ASSIGNMENT,,,,,,,,,,,,,,785,80
ASSIGNMENT,,,,,,,,,,,,,,785,6
ASSIGNMENT,,,,,,,,,,,,,,786,195
ASSIGNMENT,,,,,,,,,,,,,,786,80
ASSIGNMENT,,,,,,,,,,,,,,786,164
ASSIGNMENT,,,,,,,,,,,,,,787,83
ASSIGNMENT,,,,,,,,,,,,,,788,50
ASSIGNMENT,,,,,,,,,,,,,,789,71
ASSIGNMENT,,,,,,,,,,,,,,789,137
ASSIGNMENT,,,,,,,,,,,,,,790,198
ASSIGNMENT,,,,,,,,,,,,,,790,113
ASSIGNMENT,,,,,,,,,,,,,,791,31
ASSIGNMENT,,,,,,,,,,,,,,791,70
ASSIGNMENT,,,,,,,,,,,,,,791,39
ASSIGNMENT,,,,,,,,,,,,,,792,71
ASSIGNMENT,,,,,,,,,,,,,,793,4
ASSIGNMENT,,,,,,,,,,,,,,794,144
ASSIGNMENT,,,,,,,,,,,,,,794,132
ASSIGNMENT,,,,,,,,,,,,,,794,27
ASSIGNMENT,,,,,,,,,,,,,,795,139
ASSIGNMENT,,,,,,,,,,,,,,796,141
ASSIGNMENT,,,,,,,,,,,,,,796,82
ASSIGNMENT,,,,,,,,,,,,,,797,37
ASSIGNMENT,,,,,,,,,,,,,,797,242
ASSIGNMENT,,,,,,,,,,,,,,798,206
ASSIGNMENT,,,,,,,,,,,,,,798,73
ASSIGNMENT,,,,,,,,,,,,,,798,147
ASSIGNMENT,,,,,,,,,,,,,,799,44
ASSIGNMENT,,,,,,,,,,,,,,800,80
ASSIGNMENT,,,,,,,,,,,,,,801,229
ASSIGNMENT,,,,,,,,,,,,,,801,87
ASSIGNMENT,,,,,,,,,,,,,,801,139
ASSIGNMENT,,,,,,,,,,,,,,802,13
ASSIGNMENT,,,,,,,,,,,,,,802,34
ASSIGNMENT,,,,,,,,,,,,,,803,121
ASSIGNMENT,,,,,,,,,,,,,,804,13
ASSIGNMENT,,,,,,,,,,,,,,804,28
ASSIGNMENT,,,,,,,,,,,,,,804,99
ASSIGNMENT,,,,,,,,,,,,,,805,23
ASSIGNMENT,,,,,,,,,,,,,,806,101
ASSIGNMENT,,,,,,,,,,,,,,806,46
ASSIGNMENT,,,,,,,,,,,,,,807,153
ASSIGNMENT,,,,,,,,,,,,,,807,229
ASSIGNMENT,,,,,,,,,,,,,,807,152
ASSIGNMENT,,,,,,,,,,,,,,808,215
ASSIGNMENT,,,,,,,,,,,,,,808,177
ASSIGNMENT,,,,,,,,,,,,,,808,180
ASSIGNMENT,,,,,,,,,,,,,,809,158
ASSIGNMENT,,,,,,,,,,,,,,809,92
ASSIGNMENT,,,,,,,,,,,,,,810,86
ASSIGNMENT,,,,,,,,,,,,,,810,210
ASSIGNMENT,,,,,,,,,,,,,,811,183
ASSIGNMENT,,,,,,,,,,,,,,812,208
ASSIGNMENT,,,,,,,,,,,,,,812,137
ASSIGNMENT,,,,,,,,,,,,,,812,21
ASSIGNMENT,,,,,,,,,,,,,,813,146
ASSIGNMENT,,,,,,,,,,,,,,813,34
ASSIGNMENT,,,,,,,,,,,,,,814,209
ASSIGNMENT,,,,,,,,,,,,,,815,120
ASSIGNMENT,,,,,,,,,,,,,,815,25
ASSIGNMENT,,,,,,,,,,,,,,815,117
ASSIGNMENT,,,,,,,,,,,,,,816,176
ASSIGNMENT,,,,,,,,,,,,,,816,165
ASSIGNMENT,,,,,,,,,,,,,,817,197
ASSIGNMENT,,,,,,,,,,,,,,817,120
ASSIGNMENT,,,,,,,,,,,,,,817,121
ASSIGNMENT,,,,,,,,,,,,,,818,243
ASSIGNMENT,,,,,,,,,,,,,,819,37
ASSIGNMENT,,,,,,,,,,,,,,820,67
ASSIGNMENT,,,,,,,,,,,,,,820,234
ASSIGNMENT,,,,,,,,,,,,,,820,94
ASSIGNMENT,,,,,,,,,,,,,,821,47
ASSIGNMENT,,,,,,,,,,,,,,821,180
ASSIGNMENT,,,,,,,,,,,,,,822,85
ASSIGNMENT,,,,,,,,,,,,,,822,202
ASSIGNMENT,,,,,,,,,,,,,,822,221
ASSIGNMENT,,,,,,,,,,,,,,823,117
ASSIGNMENT,,,,,,,,,,,,,,823,125
ASSIGNMENT,,,,,,,,,,,,,,824,17
ASSIGNMENT,,,,,,,,,,,,,,825,29
ASSIGNMENT,,,,,,,,,,,,,,825,90
ASSIGNMENT,,,,,,,,,,,,,,826,119
ASSIGNMENT,,,,,,,,,,,,,,826,217
ASSIGNMENT,,,,,,,,,,,,,,827,73
ASSIGNMENT,,,,,,,,,,,,,,828,155
ASSIGNMENT,,,,,,,,,,,,,,828,148
ASSIGNMENT,,,,,,,,,,,,,,829,131
ASSIGNMENT,,,,,,,,,,,,,,830,104
ASSIGNMENT,,,,,,,,,,,,,,831,204
ASSIGNMENT,,,,,,,,,,,,,,831,28
ASSIGNMENT,,,,,,,,,,,,,,831,84
ASSIGNMENT,,,,,,,,,,,,,,832,167
ASSIGNMENT,,,,,,,,,,,,,,832,19
ASSIGNMENT,,,,,,,,,,,,,,832,203
ASSIGNMENT,,,,,,,,,,,,,,833,137
ASSIGNMENT,,,,,,,,,,,,,,833,119
ASSIGNMENT,,,,,,,,,,,,,,834,152
ASSIGNMENT,,,,,,,,,,,,,,834,106
ASSIGNMENT,,,,,,,,,,,,,,835,159
ASSIGNMENT,,,,,,,,,,,,,,836,141
ASSIGNMENT,,,,,,,,,,,,,,837,250
ASSIGNMENT,,,,,,,,,,,,,,838,99
ASSIGNMENT,,,,,,,,,,,,,,838,17
ASSIGNMENT,,,,,,,,,,,,,,839,54
ASSIGNMENT,,,,,,,,,,,,,,839,209
ASSIGNMENT,,,,,,,,,,,,,,840,152
ASSIGNMENT,,,,,,,,,,,,,,840,111
ASSIGNMENT,,,,,,,,,,,,,,840,201
